"SampleID","Block","Time","Chamber","Frag","Pos"
"11A-1.O","1","1","A","1","O"
"11A-1.I","1","1","A","1","I"
"11A-1.S","1","1","A","1","S"
"11A-1.E","1","1","A","1","E"
"11A-2.O","1","1","A","2","O"
"11A-2.I","1","1","A","2","I"
"11A-2.S","1","1","A","2","S"
"11A-2.W","1","1","A","2","W"
"11A-3.O","1","1","A","3","O"
"11A-3.I","1","1","A","3","I"
"11A-3.N","1","1","A","3","N"
"11A-3.W","1","1","A","3","W"
"11A-4.O","1","1","A","4","O"
"11A-4.I","1","1","A","4","I"
"11A-4.N","1","1","A","4","N"
"11A-4.E","1","1","A","4","E"
"11B-1.O","1","1","B","1","O"
"11B-1.I","1","1","B","1","I"
"11B-1.S","1","1","B","1","S"
"11B-1.W","1","1","B","1","W"
"11B-2.O","1","1","B","2","O"
"11B-2.I","1","1","B","2","I"
"11B-2.S","1","1","B","2","S"
"11B-2.E","1","1","B","2","E"
"11B-3.O","1","1","B","3","O"
"11B-3.I","1","1","B","3","I"
"11B-3.N","1","1","B","3","N"
"11B-3.W","1","1","B","3","W"
"11B-4.O","1","1","B","4","O"
"11B-4.I","1","1","B","4","I"
"11B-4.N","1","1","B","4","N"
"11B-4.E","1","1","B","4","E"
"11C-1.O","1","1","C","1","O"
"11C-1.I","1","1","C","1","I"
"11C-1.N","1","1","C","1","N"
"11C-1.W","1","1","C","1","W"
"11C-2.O","1","1","C","2","O"
"11C-2.I","1","1","C","2","I"
"11C-2.S","1","1","C","2","S"
"11C-2.E","1","1","C","2","E"
"11C-3.O","1","1","C","3","O"
"11C-3.I","1","1","C","3","I"
"11C-3.N","1","1","C","3","N"
"11C-3.E","1","1","C","3","E"
"11C-4.O","1","1","C","4","O"
"11C-4.I","1","1","C","4","I"
"11C-4.S","1","1","C","4","S"
"11C-4.W","1","1","C","4","W"
"21A-1.O","2","1","A","1","O"
"21A-1.I","2","1","A","1","I"
"21A-1.S","2","1","A","1","S"
"21A-1.E","2","1","A","1","E"
"21A-2.O","2","1","A","2","O"
"21A-2.I","2","1","A","2","I"
"21A-2.N","2","1","A","2","N"
"21A-2.E","2","1","A","2","E"
"21A-3.O","2","1","A","3","O"
"21A-3.I","2","1","A","3","I"
"21A-3.N","2","1","A","3","N"
"21A-3.W","2","1","A","3","W"
"21A-4.O","2","1","A","4","O"
"21A-4.I","2","1","A","4","I"
"21A-4.S","2","1","A","4","S"
"21A-4.W","2","1","A","4","W"
"21B-1.O","2","1","B","1","O"
"21B-1.I","2","1","B","1","I"
"21B-1.S","2","1","B","1","S"
"21B-1.E","2","1","B","1","E"
"21B-2.O","2","1","B","2","O"
"21B-2.I","2","1","B","2","I"
"21B-2.N","2","1","B","2","N"
"21B-2.E","2","1","B","2","E"
"21B-3.O","2","1","B","3","O"
"21B-3.I","2","1","B","3","I"
"21B-3.S","2","1","B","3","S"
"21B-3.W","2","1","B","3","W"
"21B-4.O","2","1","B","4","O"
"21B-4.I","2","1","B","4","I"
"21B-4.N","2","1","B","4","N"
"21B-4.W","2","1","B","4","W"
"21C-1.O","2","1","C","1","O"
"21C-1.I","2","1","C","1","I"
"21C-1.N","2","1","C","1","N"
"21C-1.E","2","1","C","1","E"
"21C-2.O","2","1","C","2","O"
"21C-2.I","2","1","C","2","I"
"21C-2.S","2","1","C","2","S"
"21C-2.W","2","1","C","2","W"
"21C-3.O","2","1","C","3","O"
"21C-3.I","2","1","C","3","I"
"21C-3.N","2","1","C","3","N"
"21C-3.W","2","1","C","3","W"
"21C-4.O","2","1","C","4","O"
"21C-4.I","2","1","C","4","I"
"21C-4.S","2","1","C","4","S"
"21C-4.E","2","1","C","4","E"
"31A-1.O","3","1","A","1","O"
"31A-1.I","3","1","A","1","I"
"31A-1.N","3","1","A","1","N"
"31A-1.W","3","1","A","1","W"
"31A-2.O","3","1","A","2","O"
"31A-2.I","3","1","A","2","I"
"31A-2.N","3","1","A","2","N"
"31A-2.E","3","1","A","2","E"
"31A-3.O","3","1","A","3","O"
"31A-3.I","3","1","A","3","I"
"31A-3.S","3","1","A","3","S"
"31A-3.W","3","1","A","3","W"
"31A-4.O","3","1","A","4","O"
"31A-4.I","3","1","A","4","I"
"31A-4.S","3","1","A","4","S"
"31A-4.E","3","1","A","4","E"
"31B-1.O","3","1","B","1","O"
"31B-1.I","3","1","B","1","I"
"31B-1.N","3","1","B","1","N"
"31B-1.E","3","1","B","1","E"
"31B-2.O","3","1","B","2","O"
"31B-2.I","3","1","B","2","I"
"31B-2.S","3","1","B","2","S"
"31B-2.W","3","1","B","2","W"
"31B-3.O","3","1","B","3","O"
"31B-3.I","3","1","B","3","I"
"31B-3.S","3","1","B","3","S"
"31B-3.E","3","1","B","3","E"
"31B-4.O","3","1","B","4","O"
"31B-4.I","3","1","B","4","I"
"31B-4.N","3","1","B","4","N"
"31B-4.W","3","1","B","4","W"
"31C-1.O","3","1","C","1","O"
"31C-1.I","3","1","C","1","I"
"31C-1.S","3","1","C","1","S"
"31C-1.E","3","1","C","1","E"
"31C-2.O","3","1","C","2","O"
"31C-2.I","3","1","C","2","I"
"31C-2.N","3","1","C","2","N"
"31C-2.E","3","1","C","2","E"
"31C-3.O","3","1","C","3","O"
"31C-3.I","3","1","C","3","I"
"31C-3.N","3","1","C","3","N"
"31C-3.W","3","1","C","3","W"
"31C-4.O","3","1","C","4","O"
"31C-4.I","3","1","C","4","I"
"31C-4.S","3","1","C","4","S"
"31C-4.W","3","1","C","4","W"
"41A-1.O","4","1","A","1","O"
"41A-1.I","4","1","A","1","I"
"41A-1.S","4","1","A","1","S"
"41A-1.E","4","1","A","1","E"
"41A-2.O","4","1","A","2","O"
"41A-2.I","4","1","A","2","I"
"41A-2.N","4","1","A","2","N"
"41A-2.E","4","1","A","2","E"
"41A-3.O","4","1","A","3","O"
"41A-3.I","4","1","A","3","I"
"41A-3.S","4","1","A","3","S"
"41A-3.W","4","1","A","3","W"
"41A-4.O","4","1","A","4","O"
"41A-4.I","4","1","A","4","I"
"41A-4.N","4","1","A","4","N"
"41A-4.W","4","1","A","4","W"
"41B-1.O","4","1","B","1","O"
"41B-1.I","4","1","B","1","I"
"41B-1.N","4","1","B","1","N"
"41B-1.E","4","1","B","1","E"
"41B-2.O","4","1","B","2","O"
"41B-2.I","4","1","B","2","I"
"41B-2.S","4","1","B","2","S"
"41B-2.W","4","1","B","2","W"
"41B-3.O","4","1","B","3","O"
"41B-3.I","4","1","B","3","I"
"41B-3.N","4","1","B","3","N"
"41B-3.W","4","1","B","3","W"
"41B-4.O","4","1","B","4","O"
"41B-4.I","4","1","B","4","I"
"41B-4.S","4","1","B","4","S"
"41B-4.E","4","1","B","4","E"
"41C-1.O","4","1","C","1","O"
"41C-1.I","4","1","C","1","I"
"41C-1.S","4","1","C","1","S"
"41C-1.E","4","1","C","1","E"
"41C-2.O","4","1","C","2","O"
"41C-2.I","4","1","C","2","I"
"41C-2.N","4","1","C","2","N"
"41C-2.E","4","1","C","2","E"
"41C-3.O","4","1","C","3","O"
"41C-3.I","4","1","C","3","I"
"41C-3.N","4","1","C","3","N"
"41C-3.W","4","1","C","3","W"
"41C-4.O","4","1","C","4","O"
"41C-4.I","4","1","C","4","I"
"41C-4.S","4","1","C","4","S"
"41C-4.W","4","1","C","4","W"
"51A-1.O","5","1","A","1","O"
"51A-1.I","5","1","A","1","I"
"51A-1.S","5","1","A","1","S"
"51A-1.W","5","1","A","1","W"
"51A-2.O","5","1","A","2","O"
"51A-2.I","5","1","A","2","I"
"51A-2.S","5","1","A","2","S"
"51A-2.E","5","1","A","2","E"
"51A-3.O","5","1","A","3","O"
"51A-3.I","5","1","A","3","I"
"51A-3.N","5","1","A","3","N"
"51A-3.E","5","1","A","3","E"
"51A-4.O","5","1","A","4","O"
"51A-4.I","5","1","A","4","I"
"51A-4.N","5","1","A","4","N"
"51A-4.W","5","1","A","4","W"
"51B-1.O","5","1","B","1","O"
"51B-1.I","5","1","B","1","I"
"51B-1.N","5","1","B","1","N"
"51B-1.W","5","1","B","1","W"
"51B-2.O","5","1","B","2","O"
"51B-2.I","5","1","B","2","I"
"51B-2.N","5","1","B","2","N"
"51B-2.E","5","1","B","2","E"
"51B-3.O","5","1","B","3","O"
"51B-3.I","5","1","B","3","I"
"51B-3.S","5","1","B","3","S"
"51B-3.E","5","1","B","3","E"
"51B-4.O","5","1","B","4","O"
"51B-4.I","5","1","B","4","I"
"51B-4.S","5","1","B","4","S"
"51B-4.W","5","1","B","4","W"
"51C-1.O","5","1","C","1","O"
"51C-1.I","5","1","C","1","I"
"51C-1.S","5","1","C","1","S"
"51C-1.E","5","1","C","1","E"
"51C-2.O","5","1","C","2","O"
"51C-2.I","5","1","C","2","I"
"51C-2.N","5","1","C","2","N"
"51C-2.E","5","1","C","2","E"
"51C-3.O","5","1","C","3","O"
"51C-3.I","5","1","C","3","I"
"51C-3.S","5","1","C","3","S"
"51C-3.W","5","1","C","3","W"
"51C-4.O","5","1","C","4","O"
"51C-4.I","5","1","C","4","I"
"51C-4.N","5","1","C","4","N"
"51C-4.W","5","1","C","4","W"
"61A-1.O","6","1","A","1","O"
"61A-1.I","6","1","A","1","I"
"61A-1.S","6","1","A","1","S"
"61A-1.W","6","1","A","1","W"
"61A-2.O","6","1","A","2","O"
"61A-2.I","6","1","A","2","I"
"61A-2.S","6","1","A","2","S"
"61A-2.E","6","1","A","2","E"
"61A-3.O","6","1","A","3","O"
"61A-3.I","6","1","A","3","I"
"61A-3.N","6","1","A","3","N"
"61A-3.W","6","1","A","3","W"
"61A-4.O","6","1","A","4","O"
"61A-4.I","6","1","A","4","I"
"61A-4.N","6","1","A","4","N"
"61A-4.E","6","1","A","4","E"
"61B-1.O","6","1","B","1","O"
"61B-1.I","6","1","B","1","I"
"61B-1.N","6","1","B","1","N"
"61B-1.E","6","1","B","1","E"
"61B-2.O","6","1","B","2","O"
"61B-2.I","6","1","B","2","I"
"61B-2.S","6","1","B","2","S"
"61B-2.E","6","1","B","2","E"
"61B-3.O","6","1","B","3","O"
"61B-3.I","6","1","B","3","I"
"61B-3.N","6","1","B","3","N"
"61B-3.W","6","1","B","3","W"
"61B-4.O","6","1","B","4","O"
"61B-4.I","6","1","B","4","I"
"61B-4.S","6","1","B","4","S"
"61B-4.W","6","1","B","4","W"
"61C-1.O","6","1","C","1","O"
"61C-1.I","6","1","C","1","I"
"61C-1.S","6","1","C","1","S"
"61C-1.W","6","1","C","1","W"
"61C-2.O","6","1","C","2","O"
"61C-2.I","6","1","C","2","I"
"61C-2.N","6","1","C","2","N"
"61C-2.W","6","1","C","2","W"
"61C-3.O","6","1","C","3","O"
"61C-3.I","6","1","C","3","I"
"61C-3.S","6","1","C","3","S"
"61C-3.E","6","1","C","3","E"
"61C-4.O","6","1","C","4","O"
"61C-4.I","6","1","C","4","I"
"61C-4.N","6","1","C","4","N"
"61C-4.E","6","1","C","4","E"
"71A-1.O","7","1","A","1","O"
"71A-1.I","7","1","A","1","I"
"71A-1.S","7","1","A","1","S"
"71A-1.E","7","1","A","1","E"
"71A-2.O","7","1","A","2","O"
"71A-2.I","7","1","A","2","I"
"71A-2.N","7","1","A","2","N"
"71A-2.E","7","1","A","2","E"
"71A-3.O","7","1","A","3","O"
"71A-3.I","7","1","A","3","I"
"71A-3.S","7","1","A","3","S"
"71A-3.W","7","1","A","3","W"
"71A-4.O","7","1","A","4","O"
"71A-4.I","7","1","A","4","I"
"71A-4.N","7","1","A","4","N"
"71A-4.W","7","1","A","4","W"
"71B-1.O","7","1","B","1","O"
"71B-1.I","7","1","B","1","I"
"71B-1.S","7","1","B","1","S"
"71B-1.E","7","1","B","1","E"
"71B-2.O","7","1","B","2","O"
"71B-2.I","7","1","B","2","I"
"71B-2.N","7","1","B","2","N"
"71B-2.W","7","1","B","2","W"
"71B-3.O","7","1","B","3","O"
"71B-3.I","7","1","B","3","I"
"71B-3.S","7","1","B","3","S"
"71B-3.W","7","1","B","3","W"
"71B-4.O","7","1","B","4","O"
"71B-4.I","7","1","B","4","I"
"71B-4.N","7","1","B","4","N"
"71B-4.E","7","1","B","4","E"
"71C-1.O","7","1","C","1","O"
"71C-1.I","7","1","C","1","I"
"71C-1.S","7","1","C","1","S"
"71C-1.W","7","1","C","1","W"
"71C-2.O","7","1","C","2","O"
"71C-2.I","7","1","C","2","I"
"71C-2.N","7","1","C","2","N"
"71C-2.E","7","1","C","2","E"
"71C-3.O","7","1","C","3","O"
"71C-3.I","7","1","C","3","I"
"71C-3.S","7","1","C","3","S"
"71C-3.E","7","1","C","3","E"
"71C-4.O","7","1","C","4","O"
"71C-4.I","7","1","C","4","I"
"71C-4.N","7","1","C","4","N"
"71C-4.W","7","1","C","4","W"
"81A-1.O","8","1","A","1","O"
"81A-1.I","8","1","A","1","I"
"81A-1.S","8","1","A","1","S"
"81A-1.W","8","1","A","1","W"
"81A-2.O","8","1","A","2","O"
"81A-2.I","8","1","A","2","I"
"81A-2.N","8","1","A","2","N"
"81A-2.E","8","1","A","2","E"
"81A-3.O","8","1","A","3","O"
"81A-3.I","8","1","A","3","I"
"81A-3.S","8","1","A","3","S"
"81A-3.E","8","1","A","3","E"
"81A-4.O","8","1","A","4","O"
"81A-4.I","8","1","A","4","I"
"81A-4.N","8","1","A","4","N"
"81A-4.W","8","1","A","4","W"
"81B-1.O","8","1","B","1","O"
"81B-1.I","8","1","B","1","I"
"81B-1.N","8","1","B","1","N"
"81B-1.W","8","1","B","1","W"
"81B-2.O","8","1","B","2","O"
"81B-2.I","8","1","B","2","I"
"81B-2.N","8","1","B","2","N"
"81B-2.E","8","1","B","2","E"
"81B-3.O","8","1","B","3","O"
"81B-3.I","8","1","B","3","I"
"81B-3.S","8","1","B","3","S"
"81B-3.W","8","1","B","3","W"
"81B-4.O","8","1","B","4","O"
"81B-4.I","8","1","B","4","I"
"81B-4.S","8","1","B","4","S"
"81B-4.E","8","1","B","4","E"
"81C-1.O","8","1","C","1","O"
"81C-1.I","8","1","C","1","I"
"81C-1.N","8","1","C","1","N"
"81C-1.W","8","1","C","1","W"
"81C-2.O","8","1","C","2","O"
"81C-2.I","8","1","C","2","I"
"81C-2.S","8","1","C","2","S"
"81C-2.W","8","1","C","2","W"
"81C-3.O","8","1","C","3","O"
"81C-3.I","8","1","C","3","I"
"81C-3.S","8","1","C","3","S"
"81C-3.E","8","1","C","3","E"
"81C-4.O","8","1","C","4","O"
"81C-4.I","8","1","C","4","I"
"81C-4.N","8","1","C","4","N"
"81C-4.E","8","1","C","4","E"
"12A-1.O","1","2","A","1","O"
"12A-1.I","1","2","A","1","I"
"12A-1.N","1","2","A","1","N"
"12A-1.E","1","2","A","1","E"
"12A-2.O","1","2","A","2","O"
"12A-2.I","1","2","A","2","I"
"12A-2.S","1","2","A","2","S"
"12A-2.W","1","2","A","2","W"
"12A-3.O","1","2","A","3","O"
"12A-3.I","1","2","A","3","I"
"12A-3.N","1","2","A","3","N"
"12A-3.W","1","2","A","3","W"
"12A-4.O","1","2","A","4","O"
"12A-4.I","1","2","A","4","I"
"12A-4.S","1","2","A","4","S"
"12A-4.E","1","2","A","4","E"
"12B-1.O","1","2","B","1","O"
"12B-1.I","1","2","B","1","I"
"12B-1.N","1","2","B","1","N"
"12B-1.E","1","2","B","1","E"
"12B-2.O","1","2","B","2","O"
"12B-2.I","1","2","B","2","I"
"12B-2.S","1","2","B","2","S"
"12B-2.W","1","2","B","2","W"
"12B-3.O","1","2","B","3","O"
"12B-3.I","1","2","B","3","I"
"12B-3.N","1","2","B","3","N"
"12B-3.W","1","2","B","3","W"
"12B-4.O","1","2","B","4","O"
"12B-4.I","1","2","B","4","I"
"12B-4.S","1","2","B","4","S"
"12B-4.E","1","2","B","4","E"
"12C-1.O","1","2","C","1","O"
"12C-1.I","1","2","C","1","I"
"12C-1.S","1","2","C","1","S"
"12C-1.E","1","2","C","1","E"
"12C-2.O","1","2","C","2","O"
"12C-2.I","1","2","C","2","I"
"12C-2.N","1","2","C","2","N"
"12C-2.E","1","2","C","2","E"
"12C-3.O","1","2","C","3","O"
"12C-3.I","1","2","C","3","I"
"12C-3.S","1","2","C","3","S"
"12C-3.W","1","2","C","3","W"
"12C-4.O","1","2","C","4","O"
"12C-4.I","1","2","C","4","I"
"12C-4.N","1","2","C","4","N"
"12C-4.W","1","2","C","4","W"
"22A-1.O","2","2","A","1","O"
"22A-1.I","2","2","A","1","I"
"22A-1.S","2","2","A","1","S"
"22A-1.E","2","2","A","1","E"
"22A-2.O","2","2","A","2","O"
"22A-2.I","2","2","A","2","I"
"22A-2.N","2","2","A","2","N"
"22A-2.E","2","2","A","2","E"
"22A-3.O","2","2","A","3","O"
"22A-3.I","2","2","A","3","I"
"22A-3.N","2","2","A","3","N"
"22A-3.W","2","2","A","3","W"
"22A-4.O","2","2","A","4","O"
"22A-4.I","2","2","A","4","I"
"22A-4.S","2","2","A","4","S"
"22A-4.W","2","2","A","4","W"
"22B-1.O","2","2","B","1","O"
"22B-1.I","2","2","B","1","I"
"22B-1.N","2","2","B","1","N"
"22B-1.W","2","2","B","1","W"
"22B-2.O","2","2","B","2","O"
"22B-2.I","2","2","B","2","I"
"22B-2.N","2","2","B","2","N"
"22B-2.E","2","2","B","2","E"
"22B-3.O","2","2","B","3","O"
"22B-3.I","2","2","B","3","I"
"22B-3.S","2","2","B","3","S"
"22B-3.E","2","2","B","3","E"
"22B-4.O","2","2","B","4","O"
"22B-4.I","2","2","B","4","I"
"22B-4.S","2","2","B","4","S"
"22B-4.W","2","2","B","4","W"
"22C-1.O","2","2","C","1","O"
"22C-1.I","2","2","C","1","I"
"22C-1.N","2","2","C","1","N"
"22C-1.W","2","2","C","1","W"
"22C-2.O","2","2","C","2","O"
"22C-2.I","2","2","C","2","I"
"22C-2.S","2","2","C","2","S"
"22C-2.W","2","2","C","2","W"
"22C-3.O","2","2","C","3","O"
"22C-3.I","2","2","C","3","I"
"22C-3.N","2","2","C","3","N"
"22C-3.E","2","2","C","3","E"
"22C-4.O","2","2","C","4","O"
"22C-4.I","2","2","C","4","I"
"22C-4.S","2","2","C","4","S"
"22C-4.E","2","2","C","4","E"
"32A-1.O","3","2","A","1","O"
"32A-1.I","3","2","A","1","I"
"32A-1.S","3","2","A","1","S"
"32A-1.E","3","2","A","1","E"
"32A-2.O","3","2","A","2","O"
"32A-2.I","3","2","A","2","I"
"32A-2.N","3","2","A","2","N"
"32A-2.W","3","2","A","2","W"
"32A-3.O","3","2","A","3","O"
"32A-3.I","3","2","A","3","I"
"32A-3.N","3","2","A","3","N"
"32A-3.E","3","2","A","3","E"
"32A-4.O","3","2","A","4","O"
"32A-4.I","3","2","A","4","I"
"32A-4.S","3","2","A","4","S"
"32A-4.W","3","2","A","4","W"
"32B-1.O","3","2","B","1","O"
"32B-1.I","3","2","B","1","I"
"32B-1.N","3","2","B","1","N"
"32B-1.W","3","2","B","1","W"
"32B-2.O","3","2","B","2","O"
"32B-2.I","3","2","B","2","I"
"32B-2.S","3","2","B","2","S"
"32B-2.W","3","2","B","2","W"
"32B-3.O","3","2","B","3","O"
"32B-3.I","3","2","B","3","I"
"32B-3.S","3","2","B","3","S"
"32B-3.E","3","2","B","3","E"
"32B-4.O","3","2","B","4","O"
"32B-4.I","3","2","B","4","I"
"32B-4.N","3","2","B","4","N"
"32B-4.E","3","2","B","4","E"
"32C-1.O","3","2","C","1","O"
"32C-1.I","3","2","C","1","I"
"32C-1.N","3","2","C","1","N"
"32C-1.W","3","2","C","1","W"
"32C-2.O","3","2","C","2","O"
"32C-2.I","3","2","C","2","I"
"32C-2.S","3","2","C","2","S"
"32C-2.W","3","2","C","2","W"
"32C-3.O","3","2","C","3","O"
"32C-3.I","3","2","C","3","I"
"32C-3.S","3","2","C","3","S"
"32C-3.E","3","2","C","3","E"
"32C-4.O","3","2","C","4","O"
"32C-4.I","3","2","C","4","I"
"32C-4.N","3","2","C","4","N"
"32C-4.E","3","2","C","4","E"
"42A-1.O","4","2","A","1","O"
"42A-1.I","4","2","A","1","I"
"42A-1.S","4","2","A","1","S"
"42A-1.W","4","2","A","1","W"
"42A-2.O","4","2","A","2","O"
"42A-2.I","4","2","A","2","I"
"42A-2.S","4","2","A","2","S"
"42A-2.E","4","2","A","2","E"
"42A-3.O","4","2","A","3","O"
"42A-3.I","4","2","A","3","I"
"42A-3.N","4","2","A","3","N"
"42A-3.W","4","2","A","3","W"
"42A-4.O","4","2","A","4","O"
"42A-4.I","4","2","A","4","I"
"42A-4.N","4","2","A","4","N"
"42A-4.E","4","2","A","4","E"
"42B-1.O","4","2","B","1","O"
"42B-1.I","4","2","B","1","I"
"42B-1.N","4","2","B","1","N"
"42B-1.W","4","2","B","1","W"
"42B-2.O","4","2","B","2","O"
"42B-2.I","4","2","B","2","I"
"42B-2.S","4","2","B","2","S"
"42B-2.W","4","2","B","2","W"
"42B-3.O","4","2","B","3","O"
"42B-3.I","4","2","B","3","I"
"42B-3.N","4","2","B","3","N"
"42B-3.E","4","2","B","3","E"
"42B-4.O","4","2","B","4","O"
"42B-4.I","4","2","B","4","I"
"42B-4.S","4","2","B","4","S"
"42B-4.E","4","2","B","4","E"
"42C-1.O","4","2","C","1","O"
"42C-1.I","4","2","C","1","I"
"42C-1.N","4","2","C","1","N"
"42C-1.W","4","2","C","1","W"
"42C-2.O","4","2","C","2","O"
"42C-2.I","4","2","C","2","I"
"42C-2.S","4","2","C","2","S"
"42C-2.E","4","2","C","2","E"
"42C-3.O","4","2","C","3","O"
"42C-3.I","4","2","C","3","I"
"42C-3.S","4","2","C","3","S"
"42C-3.W","4","2","C","3","W"
"42C-4.O","4","2","C","4","O"
"42C-4.I","4","2","C","4","I"
"42C-4.N","4","2","C","4","N"
"42C-4.E","4","2","C","4","E"
"52A-1.O","5","2","A","1","O"
"52A-1.I","5","2","A","1","I"
"52A-1.N","5","2","A","1","N"
"52A-1.W","5","2","A","1","W"
"52A-2.O","5","2","A","2","O"
"52A-2.I","5","2","A","2","I"
"52A-2.S","5","2","A","2","S"
"52A-2.W","5","2","A","2","W"
"52A-3.O","5","2","A","3","O"
"52A-3.I","5","2","A","3","I"
"52A-3.S","5","2","A","3","S"
"52A-3.E","5","2","A","3","E"
"52A-4.O","5","2","A","4","O"
"52A-4.I","5","2","A","4","I"
"52A-4.N","5","2","A","4","N"
"52A-4.E","5","2","A","4","E"
"52B-1.O","5","2","B","1","O"
"52B-1.I","5","2","B","1","I"
"52B-1.N","5","2","B","1","N"
"52B-1.E","5","2","B","1","E"
"52B-2.O","5","2","B","2","O"
"52B-2.I","5","2","B","2","I"
"52B-2.N","5","2","B","2","N"
"52B-2.W","5","2","B","2","W"
"52B-3.O","5","2","B","3","O"
"52B-3.I","5","2","B","3","I"
"52B-3.S","5","2","B","3","S"
"52B-3.E","5","2","B","3","E"
"52B-4.O","5","2","B","4","O"
"52B-4.I","5","2","B","4","I"
"52B-4.S","5","2","B","4","S"
"52B-4.W","5","2","B","4","W"
"52C-1.O","5","2","C","1","O"
"52C-1.I","5","2","C","1","I"
"52C-1.N","5","2","C","1","N"
"52C-1.E","5","2","C","1","E"
"52C-2.O","5","2","C","2","O"
"52C-2.I","5","2","C","2","I"
"52C-2.S","5","2","C","2","S"
"52C-2.W","5","2","C","2","W"
"52C-3.O","5","2","C","3","O"
"52C-3.I","5","2","C","3","I"
"52C-3.S","5","2","C","3","S"
"52C-3.E","5","2","C","3","E"
"52C-4.O","5","2","C","4","O"
"52C-4.I","5","2","C","4","I"
"52C-4.N","5","2","C","4","N"
"52C-4.W","5","2","C","4","W"
"62A-1.O","6","2","A","1","O"
"62A-1.I","6","2","A","1","I"
"62A-1.N","6","2","A","1","N"
"62A-1.E","6","2","A","1","E"
"62A-2.O","6","2","A","2","O"
"62A-2.I","6","2","A","2","I"
"62A-2.N","6","2","A","2","N"
"62A-2.W","6","2","A","2","W"
"62A-3.O","6","2","A","3","O"
"62A-3.I","6","2","A","3","I"
"62A-3.S","6","2","A","3","S"
"62A-3.W","6","2","A","3","W"
"62A-4.O","6","2","A","4","O"
"62A-4.I","6","2","A","4","I"
"62A-4.S","6","2","A","4","S"
"62A-4.E","6","2","A","4","E"
"62B-1.O","6","2","B","1","O"
"62B-1.I","6","2","B","1","I"
"62B-1.N","6","2","B","1","N"
"62B-1.W","6","2","B","1","W"
"62B-2.O","6","2","B","2","O"
"62B-2.I","6","2","B","2","I"
"62B-2.S","6","2","B","2","S"
"62B-2.W","6","2","B","2","W"
"62B-3.O","6","2","B","3","O"
"62B-3.I","6","2","B","3","I"
"62B-3.N","6","2","B","3","N"
"62B-3.E","6","2","B","3","E"
"62B-4.O","6","2","B","4","O"
"62B-4.I","6","2","B","4","I"
"62B-4.S","6","2","B","4","S"
"62B-4.E","6","2","B","4","E"
"62C-1.O","6","2","C","1","O"
"62C-1.I","6","2","C","1","I"
"62C-1.N","6","2","C","1","N"
"62C-1.E","6","2","C","1","E"
"62C-2.O","6","2","C","2","O"
"62C-2.I","6","2","C","2","I"
"62C-2.S","6","2","C","2","S"
"62C-2.W","6","2","C","2","W"
"62C-3.O","6","2","C","3","O"
"62C-3.I","6","2","C","3","I"
"62C-3.N","6","2","C","3","N"
"62C-3.W","6","2","C","3","W"
"62C-4.O","6","2","C","4","O"
"62C-4.I","6","2","C","4","I"
"62C-4.S","6","2","C","4","S"
"62C-4.E","6","2","C","4","E"
"72A-1.O","7","2","A","1","O"
"72A-1.I","7","2","A","1","I"
"72A-1.S","7","2","A","1","S"
"72A-1.W","7","2","A","1","W"
"72A-2.O","7","2","A","2","O"
"72A-2.I","7","2","A","2","I"
"72A-2.N","7","2","A","2","N"
"72A-2.E","7","2","A","2","E"
"72A-3.O","7","2","A","3","O"
"72A-3.I","7","2","A","3","I"
"72A-3.S","7","2","A","3","S"
"72A-3.E","7","2","A","3","E"
"72A-4.O","7","2","A","4","O"
"72A-4.I","7","2","A","4","I"
"72A-4.N","7","2","A","4","N"
"72A-4.W","7","2","A","4","W"
"72B-1.O","7","2","B","1","O"
"72B-1.I","7","2","B","1","I"
"72B-1.N","7","2","B","1","N"
"72B-1.E","7","2","B","1","E"
"72B-2.O","7","2","B","2","O"
"72B-2.I","7","2","B","2","I"
"72B-2.S","7","2","B","2","S"
"72B-2.E","7","2","B","2","E"
"72B-3.O","7","2","B","3","O"
"72B-3.I","7","2","B","3","I"
"72B-3.S","7","2","B","3","S"
"72B-3.W","7","2","B","3","W"
"72B-4.O","7","2","B","4","O"
"72B-4.I","7","2","B","4","I"
"72B-4.N","7","2","B","4","N"
"72B-4.W","7","2","B","4","W"
"72C-1.O","7","2","C","1","O"
"72C-1.I","7","2","C","1","I"
"72C-1.N","7","2","C","1","N"
"72C-1.W","7","2","C","1","W"
"72C-2.O","7","2","C","2","O"
"72C-2.I","7","2","C","2","I"
"72C-2.N","7","2","C","2","N"
"72C-2.E","7","2","C","2","E"
"72C-3.O","7","2","C","3","O"
"72C-3.I","7","2","C","3","I"
"72C-3.S","7","2","C","3","S"
"72C-3.W","7","2","C","3","W"
"72C-4.O","7","2","C","4","O"
"72C-4.I","7","2","C","4","I"
"72C-4.S","7","2","C","4","S"
"72C-4.E","7","2","C","4","E"
"82A-1.O","8","2","A","1","O"
"82A-1.I","8","2","A","1","I"
"82A-1.N","8","2","A","1","N"
"82A-1.E","8","2","A","1","E"
"82A-2.O","8","2","A","2","O"
"82A-2.I","8","2","A","2","I"
"82A-2.S","8","2","A","2","S"
"82A-2.E","8","2","A","2","E"
"82A-3.O","8","2","A","3","O"
"82A-3.I","8","2","A","3","I"
"82A-3.N","8","2","A","3","N"
"82A-3.W","8","2","A","3","W"
"82A-4.O","8","2","A","4","O"
"82A-4.I","8","2","A","4","I"
"82A-4.S","8","2","A","4","S"
"82A-4.W","8","2","A","4","W"
"82B-1.O","8","2","B","1","O"
"82B-1.I","8","2","B","1","I"
"82B-1.S","8","2","B","1","S"
"82B-1.E","8","2","B","1","E"
"82B-2.O","8","2","B","2","O"
"82B-2.I","8","2","B","2","I"
"82B-2.N","8","2","B","2","N"
"82B-2.W","8","2","B","2","W"
"82B-3.O","8","2","B","3","O"
"82B-3.I","8","2","B","3","I"
"82B-3.S","8","2","B","3","S"
"82B-3.W","8","2","B","3","W"
"82B-4.O","8","2","B","4","O"
"82B-4.I","8","2","B","4","I"
"82B-4.N","8","2","B","4","N"
"82B-4.E","8","2","B","4","E"
"82C-1.O","8","2","C","1","O"
"82C-1.I","8","2","C","1","I"
"82C-1.N","8","2","C","1","N"
"82C-1.E","8","2","C","1","E"
"82C-2.O","8","2","C","2","O"
"82C-2.I","8","2","C","2","I"
"82C-2.S","8","2","C","2","S"
"82C-2.W","8","2","C","2","W"
"82C-3.O","8","2","C","3","O"
"82C-3.I","8","2","C","3","I"
"82C-3.N","8","2","C","3","N"
"82C-3.W","8","2","C","3","W"
"82C-4.O","8","2","C","4","O"
"82C-4.I","8","2","C","4","I"
"82C-4.S","8","2","C","4","S"
"82C-4.E","8","2","C","4","E"
"13A-1.O","1","3","A","1","O"
"13A-1.I","1","3","A","1","I"
"13A-1.N","1","3","A","1","N"
"13A-1.E","1","3","A","1","E"
"13A-2.O","1","3","A","2","O"
"13A-2.I","1","3","A","2","I"
"13A-2.N","1","3","A","2","N"
"13A-2.W","1","3","A","2","W"
"13A-3.O","1","3","A","3","O"
"13A-3.I","1","3","A","3","I"
"13A-3.S","1","3","A","3","S"
"13A-3.W","1","3","A","3","W"
"13A-4.O","1","3","A","4","O"
"13A-4.I","1","3","A","4","I"
"13A-4.S","1","3","A","4","S"
"13A-4.E","1","3","A","4","E"
"13B-1.O","1","3","B","1","O"
"13B-1.I","1","3","B","1","I"
"13B-1.S","1","3","B","1","S"
"13B-1.E","1","3","B","1","E"
"13B-2.O","1","3","B","2","O"
"13B-2.I","1","3","B","2","I"
"13B-2.N","1","3","B","2","N"
"13B-2.E","1","3","B","2","E"
"13B-3.O","1","3","B","3","O"
"13B-3.I","1","3","B","3","I"
"13B-3.N","1","3","B","3","N"
"13B-3.W","1","3","B","3","W"
"13B-4.O","1","3","B","4","O"
"13B-4.I","1","3","B","4","I"
"13B-4.S","1","3","B","4","S"
"13B-4.W","1","3","B","4","W"
"13C-1.O","1","3","C","1","O"
"13C-1.I","1","3","C","1","I"
"13C-1.N","1","3","C","1","N"
"13C-1.W","1","3","C","1","W"
"13C-2.O","1","3","C","2","O"
"13C-2.I","1","3","C","2","I"
"13C-2.N","1","3","C","2","N"
"13C-2.E","1","3","C","2","E"
"13C-3.O","1","3","C","3","O"
"13C-3.I","1","3","C","3","I"
"13C-3.S","1","3","C","3","S"
"13C-3.W","1","3","C","3","W"
"13C-4.O","1","3","C","4","O"
"13C-4.I","1","3","C","4","I"
"13C-4.S","1","3","C","4","S"
"13C-4.E","1","3","C","4","E"
"23A-1.O","2","3","A","1","O"
"23A-1.I","2","3","A","1","I"
"23A-1.N","2","3","A","1","N"
"23A-1.W","2","3","A","1","W"
"23A-2.O","2","3","A","2","O"
"23A-2.I","2","3","A","2","I"
"23A-2.N","2","3","A","2","N"
"23A-2.E","2","3","A","2","E"
"23A-3.O","2","3","A","3","O"
"23A-3.I","2","3","A","3","I"
"23A-3.S","2","3","A","3","S"
"23A-3.E","2","3","A","3","E"
"23A-4.O","2","3","A","4","O"
"23A-4.I","2","3","A","4","I"
"23A-4.S","2","3","A","4","S"
"23A-4.W","2","3","A","4","W"
"23B-1.O","2","3","B","1","O"
"23B-1.I","2","3","B","1","I"
"23B-1.N","2","3","B","1","N"
"23B-1.E","2","3","B","1","E"
"23B-2.O","2","3","B","2","O"
"23B-2.I","2","3","B","2","I"
"23B-2.S","2","3","B","2","S"
"23B-2.W","2","3","B","2","W"
"23B-3.O","2","3","B","3","O"
"23B-3.I","2","3","B","3","I"
"23B-3.S","2","3","B","3","S"
"23B-3.E","2","3","B","3","E"
"23B-4.O","2","3","B","4","O"
"23B-4.I","2","3","B","4","I"
"23B-4.N","2","3","B","4","N"
"23B-4.W","2","3","B","4","W"
"23C-1.O","2","3","C","1","O"
"23C-1.I","2","3","C","1","I"
"23C-1.N","2","3","C","1","N"
"23C-1.W","2","3","C","1","W"
"23C-2.O","2","3","C","2","O"
"23C-2.I","2","3","C","2","I"
"23C-2.N","2","3","C","2","N"
"23C-2.E","2","3","C","2","E"
"23C-3.O","2","3","C","3","O"
"23C-3.I","2","3","C","3","I"
"23C-3.S","2","3","C","3","S"
"23C-3.W","2","3","C","3","W"
"23C-4.O","2","3","C","4","O"
"23C-4.I","2","3","C","4","I"
"23C-4.S","2","3","C","4","S"
"23C-4.E","2","3","C","4","E"
"33A-1.O","3","3","A","1","O"
"33A-1.I","3","3","A","1","I"
"33A-1.S","3","3","A","1","S"
"33A-1.E","3","3","A","1","E"
"33A-2.O","3","3","A","2","O"
"33A-2.I","3","3","A","2","I"
"33A-2.S","3","3","A","2","S"
"33A-2.W","3","3","A","2","W"
"33A-3.O","3","3","A","3","O"
"33A-3.I","3","3","A","3","I"
"33A-3.N","3","3","A","3","N"
"33A-3.W","3","3","A","3","W"
"33A-4.O","3","3","A","4","O"
"33A-4.I","3","3","A","4","I"
"33A-4.N","3","3","A","4","N"
"33A-4.E","3","3","A","4","E"
"33B-1.O","3","3","B","1","O"
"33B-1.I","3","3","B","1","I"
"33B-1.S","3","3","B","1","S"
"33B-1.W","3","3","B","1","W"
"33B-2.O","3","3","B","2","O"
"33B-2.I","3","3","B","2","I"
"33B-2.N","3","3","B","2","N"
"33B-2.W","3","3","B","2","W"
"33B-3.O","3","3","B","3","O"
"33B-3.I","3","3","B","3","I"
"33B-3.N","3","3","B","3","N"
"33B-3.E","3","3","B","3","E"
"33B-4.O","3","3","B","4","O"
"33B-4.I","3","3","B","4","I"
"33B-4.S","3","3","B","4","S"
"33B-4.E","3","3","B","4","E"
"33C-1.O","3","3","C","1","O"
"33C-1.I","3","3","C","1","I"
"33C-1.S","3","3","C","1","S"
"33C-1.E","3","3","C","1","E"
"33C-2.O","3","3","C","2","O"
"33C-2.I","3","3","C","2","I"
"33C-2.S","3","3","C","2","S"
"33C-2.W","3","3","C","2","W"
"33C-3.O","3","3","C","3","O"
"33C-3.I","3","3","C","3","I"
"33C-3.N","3","3","C","3","N"
"33C-3.W","3","3","C","3","W"
"33C-4.O","3","3","C","4","O"
"33C-4.I","3","3","C","4","I"
"33C-4.N","3","3","C","4","N"
"33C-4.E","3","3","C","4","E"
"43A-1.O","4","3","A","1","O"
"43A-1.I","4","3","A","1","I"
"43A-1.N","4","3","A","1","N"
"43A-1.W","4","3","A","1","W"
"43A-2.O","4","3","A","2","O"
"43A-2.I","4","3","A","2","I"
"43A-2.N","4","3","A","2","N"
"43A-2.E","4","3","A","2","E"
"43A-3.O","4","3","A","3","O"
"43A-3.I","4","3","A","3","I"
"43A-3.S","4","3","A","3","S"
"43A-3.W","4","3","A","3","W"
"43A-4.O","4","3","A","4","O"
"43A-4.I","4","3","A","4","I"
"43A-4.S","4","3","A","4","S"
"43A-4.E","4","3","A","4","E"
"43B-1.O","4","3","B","1","O"
"43B-1.I","4","3","B","1","I"
"43B-1.S","4","3","B","1","S"
"43B-1.W","4","3","B","1","W"
"43B-2.O","4","3","B","2","O"
"43B-2.I","4","3","B","2","I"
"43B-2.N","4","3","B","2","N"
"43B-2.W","4","3","B","2","W"
"43B-3.O","4","3","B","3","O"
"43B-3.I","4","3","B","3","I"
"43B-3.N","4","3","B","3","N"
"43B-3.E","4","3","B","3","E"
"43B-4.O","4","3","B","4","O"
"43B-4.I","4","3","B","4","I"
"43B-4.S","4","3","B","4","S"
"43B-4.E","4","3","B","4","E"
"43C-1.O","4","3","C","1","O"
"43C-1.I","4","3","C","1","I"
"43C-1.S","4","3","C","1","S"
"43C-1.W","4","3","C","1","W"
"43C-2.O","4","3","C","2","O"
"43C-2.I","4","3","C","2","I"
"43C-2.S","4","3","C","2","S"
"43C-2.E","4","3","C","2","E"
"43C-3.O","4","3","C","3","O"
"43C-3.I","4","3","C","3","I"
"43C-3.N","4","3","C","3","N"
"43C-3.E","4","3","C","3","E"
"43C-4.O","4","3","C","4","O"
"43C-4.I","4","3","C","4","I"
"43C-4.N","4","3","C","4","N"
"43C-4.W","4","3","C","4","W"
"53A-1.O","5","3","A","1","O"
"53A-1.I","5","3","A","1","I"
"53A-1.N","5","3","A","1","N"
"53A-1.W","5","3","A","1","W"
"53A-2.O","5","3","A","2","O"
"53A-2.I","5","3","A","2","I"
"53A-2.S","5","3","A","2","S"
"53A-2.E","5","3","A","2","E"
"53A-3.O","5","3","A","3","O"
"53A-3.I","5","3","A","3","I"
"53A-3.N","5","3","A","3","N"
"53A-3.E","5","3","A","3","E"
"53A-4.O","5","3","A","4","O"
"53A-4.I","5","3","A","4","I"
"53A-4.S","5","3","A","4","S"
"53A-4.W","5","3","A","4","W"
"53B-1.O","5","3","B","1","O"
"53B-1.I","5","3","B","1","I"
"53B-1.S","5","3","B","1","S"
"53B-1.E","5","3","B","1","E"
"53B-2.O","5","3","B","2","O"
"53B-2.I","5","3","B","2","I"
"53B-2.N","5","3","B","2","N"
"53B-2.E","5","3","B","2","E"
"53B-3.O","5","3","B","3","O"
"53B-3.I","5","3","B","3","I"
"53B-3.S","5","3","B","3","S"
"53B-3.W","5","3","B","3","W"
"53B-4.O","5","3","B","4","O"
"53B-4.I","5","3","B","4","I"
"53B-4.N","5","3","B","4","N"
"53B-4.W","5","3","B","4","W"
"53C-1.O","5","3","C","1","O"
"53C-1.I","5","3","C","1","I"
"53C-1.N","5","3","C","1","N"
"53C-1.E","5","3","C","1","E"
"53C-2.O","5","3","C","2","O"
"53C-2.I","5","3","C","2","I"
"53C-2.N","5","3","C","2","N"
"53C-2.W","5","3","C","2","W"
"53C-3.O","5","3","C","3","O"
"53C-3.I","5","3","C","3","I"
"53C-3.S","5","3","C","3","S"
"53C-3.E","5","3","C","3","E"
"53C-4.O","5","3","C","4","O"
"53C-4.I","5","3","C","4","I"
"53C-4.S","5","3","C","4","S"
"53C-4.W","5","3","C","4","W"
"63A-1.O","6","3","A","1","O"
"63A-1.I","6","3","A","1","I"
"63A-1.S","6","3","A","1","S"
"63A-1.E","6","3","A","1","E"
"63A-2.O","6","3","A","2","O"
"63A-2.I","6","3","A","2","I"
"63A-2.S","6","3","A","2","S"
"63A-2.W","6","3","A","2","W"
"63A-3.O","6","3","A","3","O"
"63A-3.I","6","3","A","3","I"
"63A-3.N","6","3","A","3","N"
"63A-3.E","6","3","A","3","E"
"63A-4.O","6","3","A","4","O"
"63A-4.I","6","3","A","4","I"
"63A-4.N","6","3","A","4","N"
"63A-4.W","6","3","A","4","W"
"63B-1.O","6","3","B","1","O"
"63B-1.I","6","3","B","1","I"
"63B-1.S","6","3","B","1","S"
"63B-1.W","6","3","B","1","W"
"63B-2.O","6","3","B","2","O"
"63B-2.I","6","3","B","2","I"
"63B-2.N","6","3","B","2","N"
"63B-2.E","6","3","B","2","E"
"63B-3.O","6","3","B","3","O"
"63B-3.I","6","3","B","3","I"
"63B-3.N","6","3","B","3","N"
"63B-3.W","6","3","B","3","W"
"63B-4.O","6","3","B","4","O"
"63B-4.I","6","3","B","4","I"
"63B-4.S","6","3","B","4","S"
"63B-4.E","6","3","B","4","E"
"63C-1.O","6","3","C","1","O"
"63C-1.I","6","3","C","1","I"
"63C-1.S","6","3","C","1","S"
"63C-1.E","6","3","C","1","E"
"63C-2.O","6","3","C","2","O"
"63C-2.I","6","3","C","2","I"
"63C-2.N","6","3","C","2","N"
"63C-2.E","6","3","C","2","E"
"63C-3.O","6","3","C","3","O"
"63C-3.I","6","3","C","3","I"
"63C-3.S","6","3","C","3","S"
"63C-3.W","6","3","C","3","W"
"63C-4.O","6","3","C","4","O"
"63C-4.I","6","3","C","4","I"
"63C-4.N","6","3","C","4","N"
"63C-4.W","6","3","C","4","W"
"73A-1.O","7","3","A","1","O"
"73A-1.I","7","3","A","1","I"
"73A-1.N","7","3","A","1","N"
"73A-1.E","7","3","A","1","E"
"73A-2.O","7","3","A","2","O"
"73A-2.I","7","3","A","2","I"
"73A-2.S","7","3","A","2","S"
"73A-2.E","7","3","A","2","E"
"73A-3.O","7","3","A","3","O"
"73A-3.I","7","3","A","3","I"
"73A-3.S","7","3","A","3","S"
"73A-3.W","7","3","A","3","W"
"73A-4.O","7","3","A","4","O"
"73A-4.I","7","3","A","4","I"
"73A-4.N","7","3","A","4","N"
"73A-4.W","7","3","A","4","W"
"73B-1.O","7","3","B","1","O"
"73B-1.I","7","3","B","1","I"
"73B-1.N","7","3","B","1","N"
"73B-1.E","7","3","B","1","E"
"73B-2.O","7","3","B","2","O"
"73B-2.I","7","3","B","2","I"
"73B-2.S","7","3","B","2","S"
"73B-2.E","7","3","B","2","E"
"73B-3.O","7","3","B","3","O"
"73B-3.I","7","3","B","3","I"
"73B-3.S","7","3","B","3","S"
"73B-3.W","7","3","B","3","W"
"73B-4.O","7","3","B","4","O"
"73B-4.I","7","3","B","4","I"
"73B-4.N","7","3","B","4","N"
"73B-4.W","7","3","B","4","W"
"73C-1.O","7","3","C","1","O"
"73C-1.I","7","3","C","1","I"
"73C-1.S","7","3","C","1","S"
"73C-1.E","7","3","C","1","E"
"73C-2.O","7","3","C","2","O"
"73C-2.I","7","3","C","2","I"
"73C-2.S","7","3","C","2","S"
"73C-2.W","7","3","C","2","W"
"73C-3.O","7","3","C","3","O"
"73C-3.I","7","3","C","3","I"
"73C-3.N","7","3","C","3","N"
"73C-3.E","7","3","C","3","E"
"73C-4.O","7","3","C","4","O"
"73C-4.I","7","3","C","4","I"
"73C-4.N","7","3","C","4","N"
"73C-4.W","7","3","C","4","W"
"83A-1.O","8","3","A","1","O"
"83A-1.I","8","3","A","1","I"
"83A-1.S","8","3","A","1","S"
"83A-1.W","8","3","A","1","W"
"83A-2.O","8","3","A","2","O"
"83A-2.I","8","3","A","2","I"
"83A-2.N","8","3","A","2","N"
"83A-2.W","8","3","A","2","W"
"83A-3.O","8","3","A","3","O"
"83A-3.I","8","3","A","3","I"
"83A-3.N","8","3","A","3","N"
"83A-3.E","8","3","A","3","E"
"83A-4.O","8","3","A","4","O"
"83A-4.I","8","3","A","4","I"
"83A-4.S","8","3","A","4","S"
"83A-4.E","8","3","A","4","E"
"83B-1.O","8","3","B","1","O"
"83B-1.I","8","3","B","1","I"
"83B-1.N","8","3","B","1","N"
"83B-1.E","8","3","B","1","E"
"83B-2.O","8","3","B","2","O"
"83B-2.I","8","3","B","2","I"
"83B-2.S","8","3","B","2","S"
"83B-2.W","8","3","B","2","W"
"83B-3.O","8","3","B","3","O"
"83B-3.I","8","3","B","3","I"
"83B-3.S","8","3","B","3","S"
"83B-3.E","8","3","B","3","E"
"83B-4.O","8","3","B","4","O"
"83B-4.I","8","3","B","4","I"
"83B-4.N","8","3","B","4","N"
"83B-4.W","8","3","B","4","W"
"83C-1.O","8","3","C","1","O"
"83C-1.I","8","3","C","1","I"
"83C-1.S","8","3","C","1","S"
"83C-1.W","8","3","C","1","W"
"83C-2.O","8","3","C","2","O"
"83C-2.I","8","3","C","2","I"
"83C-2.S","8","3","C","2","S"
"83C-2.E","8","3","C","2","E"
"83C-3.O","8","3","C","3","O"
"83C-3.I","8","3","C","3","I"
"83C-3.N","8","3","C","3","N"
"83C-3.E","8","3","C","3","E"
"83C-4.O","8","3","C","4","O"
"83C-4.I","8","3","C","4","I"
"83C-4.N","8","3","C","4","N"
"83C-4.W","8","3","C","4","W"
"14A-1.O","1","4","A","1","O"
"14A-1.I","1","4","A","1","I"
"14A-1.N","1","4","A","1","N"
"14A-1.W","1","4","A","1","W"
"14A-2.O","1","4","A","2","O"
"14A-2.I","1","4","A","2","I"
"14A-2.S","1","4","A","2","S"
"14A-2.W","1","4","A","2","W"
"14A-3.O","1","4","A","3","O"
"14A-3.I","1","4","A","3","I"
"14A-3.S","1","4","A","3","S"
"14A-3.E","1","4","A","3","E"
"14A-4.O","1","4","A","4","O"
"14A-4.I","1","4","A","4","I"
"14A-4.N","1","4","A","4","N"
"14A-4.E","1","4","A","4","E"
"14B-1.O","1","4","B","1","O"
"14B-1.I","1","4","B","1","I"
"14B-1.S","1","4","B","1","S"
"14B-1.E","1","4","B","1","E"
"14B-2.O","1","4","B","2","O"
"14B-2.I","1","4","B","2","I"
"14B-2.S","1","4","B","2","S"
"14B-2.W","1","4","B","2","W"
"14B-3.O","1","4","B","3","O"
"14B-3.I","1","4","B","3","I"
"14B-3.N","1","4","B","3","N"
"14B-3.E","1","4","B","3","E"
"14B-4.O","1","4","B","4","O"
"14B-4.I","1","4","B","4","I"
"14B-4.N","1","4","B","4","N"
"14B-4.W","1","4","B","4","W"
"14C-1.O","1","4","C","1","O"
"14C-1.I","1","4","C","1","I"
"14C-1.N","1","4","C","1","N"
"14C-1.E","1","4","C","1","E"
"14C-2.O","1","4","C","2","O"
"14C-2.I","1","4","C","2","I"
"14C-2.N","1","4","C","2","N"
"14C-2.W","1","4","C","2","W"
"14C-3.O","1","4","C","3","O"
"14C-3.I","1","4","C","3","I"
"14C-3.S","1","4","C","3","S"
"14C-3.E","1","4","C","3","E"
"14C-4.O","1","4","C","4","O"
"14C-4.I","1","4","C","4","I"
"14C-4.S","1","4","C","4","S"
"14C-4.W","1","4","C","4","W"
"24A-1.O","2","4","A","1","O"
"24A-1.I","2","4","A","1","I"
"24A-1.N","2","4","A","1","N"
"24A-1.W","2","4","A","1","W"
"24A-2.O","2","4","A","2","O"
"24A-2.I","2","4","A","2","I"
"24A-2.S","2","4","A","2","S"
"24A-2.E","2","4","A","2","E"
"24A-3.O","2","4","A","3","O"
"24A-3.I","2","4","A","3","I"
"24A-3.N","2","4","A","3","N"
"24A-3.E","2","4","A","3","E"
"24A-4.O","2","4","A","4","O"
"24A-4.I","2","4","A","4","I"
"24A-4.S","2","4","A","4","S"
"24A-4.W","2","4","A","4","W"
"24B-1.O","2","4","B","1","O"
"24B-1.I","2","4","B","1","I"
"24B-1.S","2","4","B","1","S"
"24B-1.W","2","4","B","1","W"
"24B-2.O","2","4","B","2","O"
"24B-2.I","2","4","B","2","I"
"24B-2.S","2","4","B","2","S"
"24B-2.E","2","4","B","2","E"
"24B-3.O","2","4","B","3","O"
"24B-3.I","2","4","B","3","I"
"24B-3.N","2","4","B","3","N"
"24B-3.W","2","4","B","3","W"
"24B-4.O","2","4","B","4","O"
"24B-4.I","2","4","B","4","I"
"24B-4.N","2","4","B","4","N"
"24B-4.E","2","4","B","4","E"
"24C-1.O","2","4","C","1","O"
"24C-1.I","2","4","C","1","I"
"24C-1.S","2","4","C","1","S"
"24C-1.W","2","4","C","1","W"
"24C-2.O","2","4","C","2","O"
"24C-2.I","2","4","C","2","I"
"24C-2.N","2","4","C","2","N"
"24C-2.E","2","4","C","2","E"
"24C-3.O","2","4","C","3","O"
"24C-3.I","2","4","C","3","I"
"24C-3.N","2","4","C","3","N"
"24C-3.W","2","4","C","3","W"
"24C-4.O","2","4","C","4","O"
"24C-4.I","2","4","C","4","I"
"24C-4.S","2","4","C","4","S"
"24C-4.E","2","4","C","4","E"
"34A-1.O","3","4","A","1","O"
"34A-1.I","3","4","A","1","I"
"34A-1.S","3","4","A","1","S"
"34A-1.E","3","4","A","1","E"
"34A-2.O","3","4","A","2","O"
"34A-2.I","3","4","A","2","I"
"34A-2.S","3","4","A","2","S"
"34A-2.W","3","4","A","2","W"
"34A-3.O","3","4","A","3","O"
"34A-3.I","3","4","A","3","I"
"34A-3.N","3","4","A","3","N"
"34A-3.W","3","4","A","3","W"
"34A-4.O","3","4","A","4","O"
"34A-4.I","3","4","A","4","I"
"34A-4.N","3","4","A","4","N"
"34A-4.E","3","4","A","4","E"
"34B-1.O","3","4","B","1","O"
"34B-1.I","3","4","B","1","I"
"34B-1.N","3","4","B","1","N"
"34B-1.E","3","4","B","1","E"
"34B-2.O","3","4","B","2","O"
"34B-2.I","3","4","B","2","I"
"34B-2.N","3","4","B","2","N"
"34B-2.W","3","4","B","2","W"
"34B-3.O","3","4","B","3","O"
"34B-3.I","3","4","B","3","I"
"34B-3.S","3","4","B","3","S"
"34B-3.W","3","4","B","3","W"
"34B-4.O","3","4","B","4","O"
"34B-4.I","3","4","B","4","I"
"34B-4.S","3","4","B","4","S"
"34B-4.E","3","4","B","4","E"
"34C-1.O","3","4","C","1","O"
"34C-1.I","3","4","C","1","I"
"34C-1.N","3","4","C","1","N"
"34C-1.W","3","4","C","1","W"
"34C-2.O","3","4","C","2","O"
"34C-2.I","3","4","C","2","I"
"34C-2.S","3","4","C","2","S"
"34C-2.E","3","4","C","2","E"
"34C-3.O","3","4","C","3","O"
"34C-3.I","3","4","C","3","I"
"34C-3.S","3","4","C","3","S"
"34C-3.W","3","4","C","3","W"
"34C-4.O","3","4","C","4","O"
"34C-4.I","3","4","C","4","I"
"34C-4.N","3","4","C","4","N"
"34C-4.E","3","4","C","4","E"
"44A-1.O","4","4","A","1","O"
"44A-1.I","4","4","A","1","I"
"44A-1.S","4","4","A","1","S"
"44A-1.E","4","4","A","1","E"
"44A-2.O","4","4","A","2","O"
"44A-2.I","4","4","A","2","I"
"44A-2.N","4","4","A","2","N"
"44A-2.E","4","4","A","2","E"
"44A-3.O","4","4","A","3","O"
"44A-3.I","4","4","A","3","I"
"44A-3.N","4","4","A","3","N"
"44A-3.W","4","4","A","3","W"
"44A-4.O","4","4","A","4","O"
"44A-4.I","4","4","A","4","I"
"44A-4.S","4","4","A","4","S"
"44A-4.W","4","4","A","4","W"
"44B-1.O","4","4","B","1","O"
"44B-1.I","4","4","B","1","I"
"44B-1.N","4","4","B","1","N"
"44B-1.E","4","4","B","1","E"
"44B-2.O","4","4","B","2","O"
"44B-2.I","4","4","B","2","I"
"44B-2.S","4","4","B","2","S"
"44B-2.W","4","4","B","2","W"
"44B-3.O","4","4","B","3","O"
"44B-3.I","4","4","B","3","I"
"44B-3.N","4","4","B","3","N"
"44B-3.W","4","4","B","3","W"
"44B-4.O","4","4","B","4","O"
"44B-4.I","4","4","B","4","I"
"44B-4.S","4","4","B","4","S"
"44B-4.E","4","4","B","4","E"
"44C-1.O","4","4","C","1","O"
"44C-1.I","4","4","C","1","I"
"44C-1.S","4","4","C","1","S"
"44C-1.W","4","4","C","1","W"
"44C-2.O","4","4","C","2","O"
"44C-2.I","4","4","C","2","I"
"44C-2.S","4","4","C","2","S"
"44C-2.E","4","4","C","2","E"
"44C-3.O","4","4","C","3","O"
"44C-3.I","4","4","C","3","I"
"44C-3.N","4","4","C","3","N"
"44C-3.W","4","4","C","3","W"
"44C-4.O","4","4","C","4","O"
"44C-4.I","4","4","C","4","I"
"44C-4.N","4","4","C","4","N"
"44C-4.E","4","4","C","4","E"
"54A-1.O","5","4","A","1","O"
"54A-1.I","5","4","A","1","I"
"54A-1.S","5","4","A","1","S"
"54A-1.W","5","4","A","1","W"
"54A-2.O","5","4","A","2","O"
"54A-2.I","5","4","A","2","I"
"54A-2.N","5","4","A","2","N"
"54A-2.W","5","4","A","2","W"
"54A-3.O","5","4","A","3","O"
"54A-3.I","5","4","A","3","I"
"54A-3.S","5","4","A","3","S"
"54A-3.E","5","4","A","3","E"
"54A-4.O","5","4","A","4","O"
"54A-4.I","5","4","A","4","I"
"54A-4.N","5","4","A","4","N"
"54A-4.E","5","4","A","4","E"
"54B-1.O","5","4","B","1","O"
"54B-1.I","5","4","B","1","I"
"54B-1.S","5","4","B","1","S"
"54B-1.W","5","4","B","1","W"
"54B-2.O","5","4","B","2","O"
"54B-2.I","5","4","B","2","I"
"54B-2.N","5","4","B","2","N"
"54B-2.W","5","4","B","2","W"
"54B-3.O","5","4","B","3","O"
"54B-3.I","5","4","B","3","I"
"54B-3.N","5","4","B","3","N"
"54B-3.E","5","4","B","3","E"
"54B-4.O","5","4","B","4","O"
"54B-4.I","5","4","B","4","I"
"54B-4.S","5","4","B","4","S"
"54B-4.E","5","4","B","4","E"
"54C-1.O","5","4","C","1","O"
"54C-1.I","5","4","C","1","I"
"54C-1.S","5","4","C","1","S"
"54C-1.W","5","4","C","1","W"
"54C-2.O","5","4","C","2","O"
"54C-2.I","5","4","C","2","I"
"54C-2.N","5","4","C","2","N"
"54C-2.W","5","4","C","2","W"
"54C-3.O","5","4","C","3","O"
"54C-3.I","5","4","C","3","I"
"54C-3.N","5","4","C","3","N"
"54C-3.E","5","4","C","3","E"
"54C-4.O","5","4","C","4","O"
"54C-4.I","5","4","C","4","I"
"54C-4.S","5","4","C","4","S"
"54C-4.E","5","4","C","4","E"
"64A-1.O","6","4","A","1","O"
"64A-1.I","6","4","A","1","I"
"64A-1.S","6","4","A","1","S"
"64A-1.E","6","4","A","1","E"
"64A-2.O","6","4","A","2","O"
"64A-2.I","6","4","A","2","I"
"64A-2.S","6","4","A","2","S"
"64A-2.W","6","4","A","2","W"
"64A-3.O","6","4","A","3","O"
"64A-3.I","6","4","A","3","I"
"64A-3.N","6","4","A","3","N"
"64A-3.E","6","4","A","3","E"
"64A-4.O","6","4","A","4","O"
"64A-4.I","6","4","A","4","I"
"64A-4.N","6","4","A","4","N"
"64A-4.W","6","4","A","4","W"
"64B-1.O","6","4","B","1","O"
"64B-1.I","6","4","B","1","I"
"64B-1.S","6","4","B","1","S"
"64B-1.W","6","4","B","1","W"
"64B-2.O","6","4","B","2","O"
"64B-2.I","6","4","B","2","I"
"64B-2.S","6","4","B","2","S"
"64B-2.E","6","4","B","2","E"
"64B-3.O","6","4","B","3","O"
"64B-3.I","6","4","B","3","I"
"64B-3.N","6","4","B","3","N"
"64B-3.W","6","4","B","3","W"
"64B-4.O","6","4","B","4","O"
"64B-4.I","6","4","B","4","I"
"64B-4.N","6","4","B","4","N"
"64B-4.E","6","4","B","4","E"
"64C-1.O","6","4","C","1","O"
"64C-1.I","6","4","C","1","I"
"64C-1.S","6","4","C","1","S"
"64C-1.E","6","4","C","1","E"
"64C-2.O","6","4","C","2","O"
"64C-2.I","6","4","C","2","I"
"64C-2.N","6","4","C","2","N"
"64C-2.E","6","4","C","2","E"
"64C-3.O","6","4","C","3","O"
"64C-3.I","6","4","C","3","I"
"64C-3.N","6","4","C","3","N"
"64C-3.W","6","4","C","3","W"
"64C-4.O","6","4","C","4","O"
"64C-4.I","6","4","C","4","I"
"64C-4.S","6","4","C","4","S"
"64C-4.W","6","4","C","4","W"
"74A-1.O","7","4","A","1","O"
"74A-1.I","7","4","A","1","I"
"74A-1.S","7","4","A","1","S"
"74A-1.E","7","4","A","1","E"
"74A-2.O","7","4","A","2","O"
"74A-2.I","7","4","A","2","I"
"74A-2.N","7","4","A","2","N"
"74A-2.E","7","4","A","2","E"
"74A-3.O","7","4","A","3","O"
"74A-3.I","7","4","A","3","I"
"74A-3.S","7","4","A","3","S"
"74A-3.W","7","4","A","3","W"
"74A-4.O","7","4","A","4","O"
"74A-4.I","7","4","A","4","I"
"74A-4.N","7","4","A","4","N"
"74A-4.W","7","4","A","4","W"
"74B-1.O","7","4","B","1","O"
"74B-1.I","7","4","B","1","I"
"74B-1.S","7","4","B","1","S"
"74B-1.W","7","4","B","1","W"
"74B-2.O","7","4","B","2","O"
"74B-2.I","7","4","B","2","I"
"74B-2.N","7","4","B","2","N"
"74B-2.W","7","4","B","2","W"
"74B-3.O","7","4","B","3","O"
"74B-3.I","7","4","B","3","I"
"74B-3.S","7","4","B","3","S"
"74B-3.E","7","4","B","3","E"
"74B-4.O","7","4","B","4","O"
"74B-4.I","7","4","B","4","I"
"74B-4.N","7","4","B","4","N"
"74B-4.E","7","4","B","4","E"
"74C-1.O","7","4","C","1","O"
"74C-1.I","7","4","C","1","I"
"74C-1.S","7","4","C","1","S"
"74C-1.W","7","4","C","1","W"
"74C-2.O","7","4","C","2","O"
"74C-2.I","7","4","C","2","I"
"74C-2.N","7","4","C","2","N"
"74C-2.W","7","4","C","2","W"
"74C-3.O","7","4","C","3","O"
"74C-3.I","7","4","C","3","I"
"74C-3.S","7","4","C","3","S"
"74C-3.E","7","4","C","3","E"
"74C-4.O","7","4","C","4","O"
"74C-4.I","7","4","C","4","I"
"74C-4.N","7","4","C","4","N"
"74C-4.E","7","4","C","4","E"
"84A-1.O","8","4","A","1","O"
"84A-1.I","8","4","A","1","I"
"84A-1.S","8","4","A","1","S"
"84A-1.W","8","4","A","1","W"
"84A-2.O","8","4","A","2","O"
"84A-2.I","8","4","A","2","I"
"84A-2.N","8","4","A","2","N"
"84A-2.E","8","4","A","2","E"
"84A-3.O","8","4","A","3","O"
"84A-3.I","8","4","A","3","I"
"84A-3.N","8","4","A","3","N"
"84A-3.W","8","4","A","3","W"
"84A-4.O","8","4","A","4","O"
"84A-4.I","8","4","A","4","I"
"84A-4.S","8","4","A","4","S"
"84A-4.E","8","4","A","4","E"
"84B-1.O","8","4","B","1","O"
"84B-1.I","8","4","B","1","I"
"84B-1.S","8","4","B","1","S"
"84B-1.E","8","4","B","1","E"
"84B-2.O","8","4","B","2","O"
"84B-2.I","8","4","B","2","I"
"84B-2.N","8","4","B","2","N"
"84B-2.W","8","4","B","2","W"
"84B-3.O","8","4","B","3","O"
"84B-3.I","8","4","B","3","I"
"84B-3.S","8","4","B","3","S"
"84B-3.W","8","4","B","3","W"
"84B-4.O","8","4","B","4","O"
"84B-4.I","8","4","B","4","I"
"84B-4.N","8","4","B","4","N"
"84B-4.E","8","4","B","4","E"
"84C-1.O","8","4","C","1","O"
"84C-1.I","8","4","C","1","I"
"84C-1.N","8","4","C","1","N"
"84C-1.W","8","4","C","1","W"
"84C-2.O","8","4","C","2","O"
"84C-2.I","8","4","C","2","I"
"84C-2.S","8","4","C","2","S"
"84C-2.W","8","4","C","2","W"
"84C-3.O","8","4","C","3","O"
"84C-3.I","8","4","C","3","I"
"84C-3.N","8","4","C","3","N"
"84C-3.E","8","4","C","3","E"
"84C-4.O","8","4","C","4","O"
"84C-4.I","8","4","C","4","I"
"84C-4.S","8","4","C","4","S"
"84C-4.E","8","4","C","4","E"
