"SampleID","Block","Time","Chamber","Frag","Pos","xE","yN"
"11A-1.O","1","1","A","1","O","642186.807","6074263.217"
"11A-1.I","1","1","A","1","I","642186.719","6074263.306"
"11A-1.S","1","1","A","1","S","642186.719","6074263.217"
"11A-1.E","1","1","A","1","E","642186.807","6074263.306"
"11A-2.O","1","1","A","2","O","642186.201","6074263.149"
"11A-2.I","1","1","A","2","I","642186.426","6074263.374"
"11A-2.S","1","1","A","2","S","642186.426","6074263.149"
"11A-2.W","1","1","A","2","W","642186.201","6074263.374"
"11A-3.O","1","1","A","3","O","642186.201","6074263.824"
"11A-3.I","1","1","A","3","I","642186.426","6074263.599"
"11A-3.N","1","1","A","3","N","642186.426","6074263.824"
"11A-3.W","1","1","A","3","W","642186.201","6074263.599"
"11A-4.O","1","1","A","4","O","642186.876","6074263.824"
"11A-4.I","1","1","A","4","I","642186.651","6074263.599"
"11A-4.N","1","1","A","4","N","642186.651","6074263.824"
"11A-4.E","1","1","A","4","E","642186.876","6074263.599"
"11B-1.O","1","1","B","1","O","642184.096","6074263.913"
"11B-1.I","1","1","B","1","I","642184.185","6074264.001"
"11B-1.S","1","1","B","1","S","642184.185","6074263.913"
"11B-1.W","1","1","B","1","W","642184.096","6074264.001"
"11B-2.O","1","1","B","2","O","642184.703","6074263.845"
"11B-2.I","1","1","B","2","I","642184.478","6074264.070"
"11B-2.S","1","1","B","2","S","642184.478","6074263.845"
"11B-2.E","1","1","B","2","E","642184.703","6074264.070"
"11B-3.O","1","1","B","3","O","642184.028","6074264.520"
"11B-3.I","1","1","B","3","I","642184.253","6074264.295"
"11B-3.N","1","1","B","3","N","642184.253","6074264.520"
"11B-3.W","1","1","B","3","W","642184.028","6074264.295"
"11B-4.O","1","1","B","4","O","642184.703","6074264.520"
"11B-4.I","1","1","B","4","I","642184.478","6074264.295"
"11B-4.N","1","1","B","4","N","642184.478","6074264.520"
"11B-4.E","1","1","B","4","E","642184.703","6074264.295"
"11C-1.O","1","1","C","1","O","642181.315","6074264.576"
"11C-1.I","1","1","C","1","I","642181.403","6074264.488"
"11C-1.N","1","1","C","1","N","642181.403","6074264.576"
"11C-1.W","1","1","C","1","W","642181.315","6074264.488"
"11C-2.O","1","1","C","2","O","642181.922","6074263.969"
"11C-2.I","1","1","C","2","I","642181.697","6074264.194"
"11C-2.S","1","1","C","2","S","642181.697","6074263.969"
"11C-2.E","1","1","C","2","E","642181.922","6074264.194"
"11C-3.O","1","1","C","3","O","642181.922","6074264.644"
"11C-3.I","1","1","C","3","I","642181.697","6074264.419"
"11C-3.N","1","1","C","3","N","642181.697","6074264.644"
"11C-3.E","1","1","C","3","E","642181.922","6074264.419"
"11C-4.O","1","1","C","4","O","642181.247","6074263.969"
"11C-4.I","1","1","C","4","I","642181.472","6074264.194"
"11C-4.S","1","1","C","4","S","642181.472","6074263.969"
"11C-4.W","1","1","C","4","W","642181.247","6074264.194"
"21A-1.O","2","1","A","1","O","642190.406","6074267.443"
"21A-1.I","2","1","A","1","I","642190.317","6074267.531"
"21A-1.S","2","1","A","1","S","642190.317","6074267.443"
"21A-1.E","2","1","A","1","E","642190.406","6074267.531"
"21A-2.O","2","1","A","2","O","642190.474","6074268.049"
"21A-2.I","2","1","A","2","I","642190.249","6074267.824"
"21A-2.N","2","1","A","2","N","642190.249","6074268.049"
"21A-2.E","2","1","A","2","E","642190.474","6074267.824"
"21A-3.O","2","1","A","3","O","642189.799","6074268.049"
"21A-3.I","2","1","A","3","I","642190.024","6074267.824"
"21A-3.N","2","1","A","3","N","642190.024","6074268.049"
"21A-3.W","2","1","A","3","W","642189.799","6074267.824"
"21A-4.O","2","1","A","4","O","642189.799","6074267.374"
"21A-4.I","2","1","A","4","I","642190.024","6074267.599"
"21A-4.S","2","1","A","4","S","642190.024","6074267.374"
"21A-4.W","2","1","A","4","W","642189.799","6074267.599"
"21B-1.O","2","1","B","1","O","642192.814","6074265.470"
"21B-1.I","2","1","B","1","I","642192.725","6074265.558"
"21B-1.S","2","1","B","1","S","642192.725","6074265.470"
"21B-1.E","2","1","B","1","E","642192.814","6074265.558"
"21B-2.O","2","1","B","2","O","642192.882","6074266.077"
"21B-2.I","2","1","B","2","I","642192.657","6074265.852"
"21B-2.N","2","1","B","2","N","642192.657","6074266.077"
"21B-2.E","2","1","B","2","E","642192.882","6074265.852"
"21B-3.O","2","1","B","3","O","642192.207","6074265.402"
"21B-3.I","2","1","B","3","I","642192.432","6074265.627"
"21B-3.S","2","1","B","3","S","642192.432","6074265.402"
"21B-3.W","2","1","B","3","W","642192.207","6074265.627"
"21B-4.O","2","1","B","4","O","642192.207","6074266.077"
"21B-4.I","2","1","B","4","I","642192.432","6074265.852"
"21B-4.N","2","1","B","4","N","642192.432","6074266.077"
"21B-4.W","2","1","B","4","W","642192.207","6074265.852"
"21C-1.O","2","1","C","1","O","642191.766","6074267.431"
"21C-1.I","2","1","C","1","I","642191.678","6074267.343"
"21C-1.N","2","1","C","1","N","642191.678","6074267.431"
"21C-1.E","2","1","C","1","E","642191.766","6074267.343"
"21C-2.O","2","1","C","2","O","642191.160","6074266.825"
"21C-2.I","2","1","C","2","I","642191.385","6074267.050"
"21C-2.S","2","1","C","2","S","642191.385","6074266.825"
"21C-2.W","2","1","C","2","W","642191.160","6074267.050"
"21C-3.O","2","1","C","3","O","642191.160","6074267.500"
"21C-3.I","2","1","C","3","I","642191.385","6074267.275"
"21C-3.N","2","1","C","3","N","642191.385","6074267.500"
"21C-3.W","2","1","C","3","W","642191.160","6074267.275"
"21C-4.O","2","1","C","4","O","642191.835","6074266.825"
"21C-4.I","2","1","C","4","I","642191.610","6074267.050"
"21C-4.S","2","1","C","4","S","642191.610","6074266.825"
"21C-4.E","2","1","C","4","E","642191.835","6074267.050"
"31A-1.O","3","1","A","1","O","642181.954","6074273.114"
"31A-1.I","3","1","A","1","I","642182.043","6074273.026"
"31A-1.N","3","1","A","1","N","642182.043","6074273.114"
"31A-1.W","3","1","A","1","W","642181.954","6074273.026"
"31A-2.O","3","1","A","2","O","642182.561","6074273.183"
"31A-2.I","3","1","A","2","I","642182.336","6074272.958"
"31A-2.N","3","1","A","2","N","642182.336","6074273.183"
"31A-2.E","3","1","A","2","E","642182.561","6074272.958"
"31A-3.O","3","1","A","3","O","642181.886","6074272.508"
"31A-3.I","3","1","A","3","I","642182.111","6074272.733"
"31A-3.S","3","1","A","3","S","642182.111","6074272.508"
"31A-3.W","3","1","A","3","W","642181.886","6074272.733"
"31A-4.O","3","1","A","4","O","642182.561","6074272.508"
"31A-4.I","3","1","A","4","I","642182.336","6074272.733"
"31A-4.S","3","1","A","4","S","642182.336","6074272.508"
"31A-4.E","3","1","A","4","E","642182.561","6074272.733"
"31B-1.O","3","1","B","1","O","642185.089","6074270.312"
"31B-1.I","3","1","B","1","I","642185.001","6074270.224"
"31B-1.N","3","1","B","1","N","642185.001","6074270.312"
"31B-1.E","3","1","B","1","E","642185.089","6074270.224"
"31B-2.O","3","1","B","2","O","642184.482","6074269.705"
"31B-2.I","3","1","B","2","I","642184.707","6074269.930"
"31B-2.S","3","1","B","2","S","642184.707","6074269.705"
"31B-2.W","3","1","B","2","W","642184.482","6074269.930"
"31B-3.O","3","1","B","3","O","642185.157","6074269.705"
"31B-3.I","3","1","B","3","I","642184.932","6074269.930"
"31B-3.S","3","1","B","3","S","642184.932","6074269.705"
"31B-3.E","3","1","B","3","E","642185.157","6074269.930"
"31B-4.O","3","1","B","4","O","642184.482","6074270.380"
"31B-4.I","3","1","B","4","I","642184.707","6074270.155"
"31B-4.N","3","1","B","4","N","642184.707","6074270.380"
"31B-4.W","3","1","B","4","W","642184.482","6074270.155"
"31C-1.O","3","1","C","1","O","642187.558","6074272.321"
"31C-1.I","3","1","C","1","I","642187.470","6074272.410"
"31C-1.S","3","1","C","1","S","642187.470","6074272.321"
"31C-1.E","3","1","C","1","E","642187.558","6074272.410"
"31C-2.O","3","1","C","2","O","642187.626","6074272.928"
"31C-2.I","3","1","C","2","I","642187.401","6074272.703"
"31C-2.N","3","1","C","2","N","642187.401","6074272.928"
"31C-2.E","3","1","C","2","E","642187.626","6074272.703"
"31C-3.O","3","1","C","3","O","642186.951","6074272.928"
"31C-3.I","3","1","C","3","I","642187.176","6074272.703"
"31C-3.N","3","1","C","3","N","642187.176","6074272.928"
"31C-3.W","3","1","C","3","W","642186.951","6074272.703"
"31C-4.O","3","1","C","4","O","642186.951","6074272.253"
"31C-4.I","3","1","C","4","I","642187.176","6074272.478"
"31C-4.S","3","1","C","4","S","642187.176","6074272.253"
"31C-4.W","3","1","C","4","W","642186.951","6074272.478"
"41A-1.O","4","1","A","1","O","642181.737","6074284.593"
"41A-1.I","4","1","A","1","I","642181.648","6074284.682"
"41A-1.S","4","1","A","1","S","642181.648","6074284.593"
"41A-1.E","4","1","A","1","E","642181.737","6074284.682"
"41A-2.O","4","1","A","2","O","642181.805","6074285.200"
"41A-2.I","4","1","A","2","I","642181.580","6074284.975"
"41A-2.N","4","1","A","2","N","642181.580","6074285.200"
"41A-2.E","4","1","A","2","E","642181.805","6074284.975"
"41A-3.O","4","1","A","3","O","642181.130","6074284.525"
"41A-3.I","4","1","A","3","I","642181.355","6074284.750"
"41A-3.S","4","1","A","3","S","642181.355","6074284.525"
"41A-3.W","4","1","A","3","W","642181.130","6074284.750"
"41A-4.O","4","1","A","4","O","642181.130","6074285.200"
"41A-4.I","4","1","A","4","I","642181.355","6074284.975"
"41A-4.N","4","1","A","4","N","642181.355","6074285.200"
"41A-4.W","4","1","A","4","W","642181.130","6074284.975"
"41B-1.O","4","1","B","1","O","642183.138","6074285.211"
"41B-1.I","4","1","B","1","I","642183.050","6074285.123"
"41B-1.N","4","1","B","1","N","642183.050","6074285.211"
"41B-1.E","4","1","B","1","E","642183.138","6074285.123"
"41B-2.O","4","1","B","2","O","642182.531","6074284.605"
"41B-2.I","4","1","B","2","I","642182.756","6074284.830"
"41B-2.S","4","1","B","2","S","642182.756","6074284.605"
"41B-2.W","4","1","B","2","W","642182.531","6074284.830"
"41B-3.O","4","1","B","3","O","642182.531","6074285.280"
"41B-3.I","4","1","B","3","I","642182.756","6074285.055"
"41B-3.N","4","1","B","3","N","642182.756","6074285.280"
"41B-3.W","4","1","B","3","W","642182.531","6074285.055"
"41B-4.O","4","1","B","4","O","642183.206","6074284.605"
"41B-4.I","4","1","B","4","I","642182.981","6074284.830"
"41B-4.S","4","1","B","4","S","642182.981","6074284.605"
"41B-4.E","4","1","B","4","E","642183.206","6074284.830"
"41C-1.O","4","1","C","1","O","642180.041","6074284.717"
"41C-1.I","4","1","C","1","I","642179.953","6074284.806"
"41C-1.S","4","1","C","1","S","642179.953","6074284.717"
"41C-1.E","4","1","C","1","E","642180.041","6074284.806"
"41C-2.O","4","1","C","2","O","642180.110","6074285.324"
"41C-2.I","4","1","C","2","I","642179.885","6074285.099"
"41C-2.N","4","1","C","2","N","642179.885","6074285.324"
"41C-2.E","4","1","C","2","E","642180.110","6074285.099"
"41C-3.O","4","1","C","3","O","642179.435","6074285.324"
"41C-3.I","4","1","C","3","I","642179.660","6074285.099"
"41C-3.N","4","1","C","3","N","642179.660","6074285.324"
"41C-3.W","4","1","C","3","W","642179.435","6074285.099"
"41C-4.O","4","1","C","4","O","642179.435","6074284.649"
"41C-4.I","4","1","C","4","I","642179.660","6074284.874"
"41C-4.S","4","1","C","4","S","642179.660","6074284.649"
"41C-4.W","4","1","C","4","W","642179.435","6074284.874"
"51A-1.O","5","1","A","1","O","642167.570","6074302.844"
"51A-1.I","5","1","A","1","I","642167.658","6074302.933"
"51A-1.S","5","1","A","1","S","642167.658","6074302.844"
"51A-1.W","5","1","A","1","W","642167.570","6074302.933"
"51A-2.O","5","1","A","2","O","642168.177","6074302.776"
"51A-2.I","5","1","A","2","I","642167.952","6074303.001"
"51A-2.S","5","1","A","2","S","642167.952","6074302.776"
"51A-2.E","5","1","A","2","E","642168.177","6074303.001"
"51A-3.O","5","1","A","3","O","642168.177","6074303.451"
"51A-3.I","5","1","A","3","I","642167.952","6074303.226"
"51A-3.N","5","1","A","3","N","642167.952","6074303.451"
"51A-3.E","5","1","A","3","E","642168.177","6074303.226"
"51A-4.O","5","1","A","4","O","642167.502","6074303.451"
"51A-4.I","5","1","A","4","I","642167.727","6074303.226"
"51A-4.N","5","1","A","4","N","642167.727","6074303.451"
"51A-4.W","5","1","A","4","W","642167.502","6074303.226"
"51B-1.O","5","1","B","1","O","642164.931","6074302.916"
"51B-1.I","5","1","B","1","I","642165.019","6074302.828"
"51B-1.N","5","1","B","1","N","642165.019","6074302.916"
"51B-1.W","5","1","B","1","W","642164.931","6074302.828"
"51B-2.O","5","1","B","2","O","642165.537","6074302.984"
"51B-2.I","5","1","B","2","I","642165.312","6074302.759"
"51B-2.N","5","1","B","2","N","642165.312","6074302.984"
"51B-2.E","5","1","B","2","E","642165.537","6074302.759"
"51B-3.O","5","1","B","3","O","642165.537","6074302.309"
"51B-3.I","5","1","B","3","I","642165.312","6074302.534"
"51B-3.S","5","1","B","3","S","642165.312","6074302.309"
"51B-3.E","5","1","B","3","E","642165.537","6074302.534"
"51B-4.O","5","1","B","4","O","642164.862","6074302.309"
"51B-4.I","5","1","B","4","I","642165.087","6074302.534"
"51B-4.S","5","1","B","4","S","642165.087","6074302.309"
"51B-4.W","5","1","B","4","W","642164.862","6074302.534"
"51C-1.O","5","1","C","1","O","642169.997","6074302.224"
"51C-1.I","5","1","C","1","I","642169.909","6074302.313"
"51C-1.S","5","1","C","1","S","642169.909","6074302.224"
"51C-1.E","5","1","C","1","E","642169.997","6074302.313"
"51C-2.O","5","1","C","2","O","642170.065","6074302.831"
"51C-2.I","5","1","C","2","I","642169.840","6074302.606"
"51C-2.N","5","1","C","2","N","642169.840","6074302.831"
"51C-2.E","5","1","C","2","E","642170.065","6074302.606"
"51C-3.O","5","1","C","3","O","642169.390","6074302.156"
"51C-3.I","5","1","C","3","I","642169.615","6074302.381"
"51C-3.S","5","1","C","3","S","642169.615","6074302.156"
"51C-3.W","5","1","C","3","W","642169.390","6074302.381"
"51C-4.O","5","1","C","4","O","642169.390","6074302.831"
"51C-4.I","5","1","C","4","I","642169.615","6074302.606"
"51C-4.N","5","1","C","4","N","642169.615","6074302.831"
"51C-4.W","5","1","C","4","W","642169.390","6074302.606"
"61A-1.O","6","1","A","1","O","642185.479","6074375.283"
"61A-1.I","6","1","A","1","I","642185.567","6074375.371"
"61A-1.S","6","1","A","1","S","642185.567","6074375.283"
"61A-1.W","6","1","A","1","W","642185.479","6074375.371"
"61A-2.O","6","1","A","2","O","642186.085","6074375.215"
"61A-2.I","6","1","A","2","I","642185.860","6074375.440"
"61A-2.S","6","1","A","2","S","642185.860","6074375.215"
"61A-2.E","6","1","A","2","E","642186.085","6074375.440"
"61A-3.O","6","1","A","3","O","642185.410","6074375.890"
"61A-3.I","6","1","A","3","I","642185.635","6074375.665"
"61A-3.N","6","1","A","3","N","642185.635","6074375.890"
"61A-3.W","6","1","A","3","W","642185.410","6074375.665"
"61A-4.O","6","1","A","4","O","642186.085","6074375.890"
"61A-4.I","6","1","A","4","I","642185.860","6074375.665"
"61A-4.N","6","1","A","4","N","642185.860","6074375.890"
"61A-4.E","6","1","A","4","E","642186.085","6074375.665"
"61B-1.O","6","1","B","1","O","642187.034","6074377.085"
"61B-1.I","6","1","B","1","I","642186.945","6074376.997"
"61B-1.N","6","1","B","1","N","642186.945","6074377.085"
"61B-1.E","6","1","B","1","E","642187.034","6074376.997"
"61B-2.O","6","1","B","2","O","642187.102","6074376.479"
"61B-2.I","6","1","B","2","I","642186.877","6074376.704"
"61B-2.S","6","1","B","2","S","642186.877","6074376.479"
"61B-2.E","6","1","B","2","E","642187.102","6074376.704"
"61B-3.O","6","1","B","3","O","642186.427","6074377.154"
"61B-3.I","6","1","B","3","I","642186.652","6074376.929"
"61B-3.N","6","1","B","3","N","642186.652","6074377.154"
"61B-3.W","6","1","B","3","W","642186.427","6074376.929"
"61B-4.O","6","1","B","4","O","642186.427","6074376.479"
"61B-4.I","6","1","B","4","I","642186.652","6074376.704"
"61B-4.S","6","1","B","4","S","642186.652","6074376.479"
"61B-4.W","6","1","B","4","W","642186.427","6074376.704"
"61C-1.O","6","1","C","1","O","642188.556","6074377.319"
"61C-1.I","6","1","C","1","I","642188.645","6074377.407"
"61C-1.S","6","1","C","1","S","642188.645","6074377.319"
"61C-1.W","6","1","C","1","W","642188.556","6074377.407"
"61C-2.O","6","1","C","2","O","642188.488","6074377.926"
"61C-2.I","6","1","C","2","I","642188.713","6074377.701"
"61C-2.N","6","1","C","2","N","642188.713","6074377.926"
"61C-2.W","6","1","C","2","W","642188.488","6074377.701"
"61C-3.O","6","1","C","3","O","642189.163","6074377.251"
"61C-3.I","6","1","C","3","I","642188.938","6074377.476"
"61C-3.S","6","1","C","3","S","642188.938","6074377.251"
"61C-3.E","6","1","C","3","E","642189.163","6074377.476"
"61C-4.O","6","1","C","4","O","642189.163","6074377.926"
"61C-4.I","6","1","C","4","I","642188.938","6074377.701"
"61C-4.N","6","1","C","4","N","642188.938","6074377.926"
"61C-4.E","6","1","C","4","E","642189.163","6074377.701"
"71A-1.O","7","1","A","1","O","642102.485","6074228.049"
"71A-1.I","7","1","A","1","I","642102.396","6074228.137"
"71A-1.S","7","1","A","1","S","642102.396","6074228.049"
"71A-1.E","7","1","A","1","E","642102.485","6074228.137"
"71A-2.O","7","1","A","2","O","642102.553","6074228.656"
"71A-2.I","7","1","A","2","I","642102.328","6074228.431"
"71A-2.N","7","1","A","2","N","642102.328","6074228.656"
"71A-2.E","7","1","A","2","E","642102.553","6074228.431"
"71A-3.O","7","1","A","3","O","642101.878","6074227.981"
"71A-3.I","7","1","A","3","I","642102.103","6074228.206"
"71A-3.S","7","1","A","3","S","642102.103","6074227.981"
"71A-3.W","7","1","A","3","W","642101.878","6074228.206"
"71A-4.O","7","1","A","4","O","642101.878","6074228.656"
"71A-4.I","7","1","A","4","I","642102.103","6074228.431"
"71A-4.N","7","1","A","4","N","642102.103","6074228.656"
"71A-4.W","7","1","A","4","W","642101.878","6074228.431"
"71B-1.O","7","1","B","1","O","642104.448","6074228.416"
"71B-1.I","7","1","B","1","I","642104.359","6074228.504"
"71B-1.S","7","1","B","1","S","642104.359","6074228.416"
"71B-1.E","7","1","B","1","E","642104.448","6074228.504"
"71B-2.O","7","1","B","2","O","642103.841","6074229.023"
"71B-2.I","7","1","B","2","I","642104.066","6074228.798"
"71B-2.N","7","1","B","2","N","642104.066","6074229.023"
"71B-2.W","7","1","B","2","W","642103.841","6074228.798"
"71B-3.O","7","1","B","3","O","642103.841","6074228.348"
"71B-3.I","7","1","B","3","I","642104.066","6074228.573"
"71B-3.S","7","1","B","3","S","642104.066","6074228.348"
"71B-3.W","7","1","B","3","W","642103.841","6074228.573"
"71B-4.O","7","1","B","4","O","642104.516","6074229.023"
"71B-4.I","7","1","B","4","I","642104.291","6074228.798"
"71B-4.N","7","1","B","4","N","642104.291","6074229.023"
"71B-4.E","7","1","B","4","E","642104.516","6074228.798"
"71C-1.O","7","1","C","1","O","642103.725","6074226.904"
"71C-1.I","7","1","C","1","I","642103.814","6074226.992"
"71C-1.S","7","1","C","1","S","642103.814","6074226.904"
"71C-1.W","7","1","C","1","W","642103.725","6074226.992"
"71C-2.O","7","1","C","2","O","642104.332","6074227.510"
"71C-2.I","7","1","C","2","I","642104.107","6074227.285"
"71C-2.N","7","1","C","2","N","642104.107","6074227.510"
"71C-2.E","7","1","C","2","E","642104.332","6074227.285"
"71C-3.O","7","1","C","3","O","642104.332","6074226.835"
"71C-3.I","7","1","C","3","I","642104.107","6074227.060"
"71C-3.S","7","1","C","3","S","642104.107","6074226.835"
"71C-3.E","7","1","C","3","E","642104.332","6074227.060"
"71C-4.O","7","1","C","4","O","642103.657","6074227.510"
"71C-4.I","7","1","C","4","I","642103.882","6074227.285"
"71C-4.N","7","1","C","4","N","642103.882","6074227.510"
"71C-4.W","7","1","C","4","W","642103.657","6074227.285"
"81A-1.O","8","1","A","1","O","642111.587","6074300.101"
"81A-1.I","8","1","A","1","I","642111.675","6074300.190"
"81A-1.S","8","1","A","1","S","642111.675","6074300.101"
"81A-1.W","8","1","A","1","W","642111.587","6074300.190"
"81A-2.O","8","1","A","2","O","642112.194","6074300.708"
"81A-2.I","8","1","A","2","I","642111.969","6074300.483"
"81A-2.N","8","1","A","2","N","642111.969","6074300.708"
"81A-2.E","8","1","A","2","E","642112.194","6074300.483"
"81A-3.O","8","1","A","3","O","642112.194","6074300.033"
"81A-3.I","8","1","A","3","I","642111.969","6074300.258"
"81A-3.S","8","1","A","3","S","642111.969","6074300.033"
"81A-3.E","8","1","A","3","E","642112.194","6074300.258"
"81A-4.O","8","1","A","4","O","642111.519","6074300.708"
"81A-4.I","8","1","A","4","I","642111.744","6074300.483"
"81A-4.N","8","1","A","4","N","642111.744","6074300.708"
"81A-4.W","8","1","A","4","W","642111.519","6074300.483"
"81B-1.O","8","1","B","1","O","642113.803","6074300.221"
"81B-1.I","8","1","B","1","I","642113.891","6074300.133"
"81B-1.N","8","1","B","1","N","642113.891","6074300.221"
"81B-1.W","8","1","B","1","W","642113.803","6074300.133"
"81B-2.O","8","1","B","2","O","642114.409","6074300.289"
"81B-2.I","8","1","B","2","I","642114.184","6074300.064"
"81B-2.N","8","1","B","2","N","642114.184","6074300.289"
"81B-2.E","8","1","B","2","E","642114.409","6074300.064"
"81B-3.O","8","1","B","3","O","642113.734","6074299.614"
"81B-3.I","8","1","B","3","I","642113.959","6074299.839"
"81B-3.S","8","1","B","3","S","642113.959","6074299.614"
"81B-3.W","8","1","B","3","W","642113.734","6074299.839"
"81B-4.O","8","1","B","4","O","642114.409","6074299.614"
"81B-4.I","8","1","B","4","I","642114.184","6074299.839"
"81B-4.S","8","1","B","4","S","642114.184","6074299.614"
"81B-4.E","8","1","B","4","E","642114.409","6074299.839"
"81C-1.O","8","1","C","1","O","642113.576","6074297.513"
"81C-1.I","8","1","C","1","I","642113.664","6074297.424"
"81C-1.N","8","1","C","1","N","642113.664","6074297.513"
"81C-1.W","8","1","C","1","W","642113.576","6074297.424"
"81C-2.O","8","1","C","2","O","642113.508","6074296.906"
"81C-2.I","8","1","C","2","I","642113.733","6074297.131"
"81C-2.S","8","1","C","2","S","642113.733","6074296.906"
"81C-2.W","8","1","C","2","W","642113.508","6074297.131"
"81C-3.O","8","1","C","3","O","642114.183","6074296.906"
"81C-3.I","8","1","C","3","I","642113.958","6074297.131"
"81C-3.S","8","1","C","3","S","642113.958","6074296.906"
"81C-3.E","8","1","C","3","E","642114.183","6074297.131"
"81C-4.O","8","1","C","4","O","642114.183","6074297.581"
"81C-4.I","8","1","C","4","I","642113.958","6074297.356"
"81C-4.N","8","1","C","4","N","642113.958","6074297.581"
"81C-4.E","8","1","C","4","E","642114.183","6074297.356"
"12A-1.O","1","2","A","1","O","642183.805","6074260.025"
"12A-1.I","1","2","A","1","I","642183.717","6074259.936"
"12A-1.N","1","2","A","1","N","642183.717","6074260.025"
"12A-1.E","1","2","A","1","E","642183.805","6074259.936"
"12A-2.O","1","2","A","2","O","642183.199","6074259.418"
"12A-2.I","1","2","A","2","I","642183.424","6074259.643"
"12A-2.S","1","2","A","2","S","642183.424","6074259.418"
"12A-2.W","1","2","A","2","W","642183.199","6074259.643"
"12A-3.O","1","2","A","3","O","642183.199","6074260.093"
"12A-3.I","1","2","A","3","I","642183.424","6074259.868"
"12A-3.N","1","2","A","3","N","642183.424","6074260.093"
"12A-3.W","1","2","A","3","W","642183.199","6074259.868"
"12A-4.O","1","2","A","4","O","642183.874","6074259.418"
"12A-4.I","1","2","A","4","I","642183.649","6074259.643"
"12A-4.S","1","2","A","4","S","642183.649","6074259.418"
"12A-4.E","1","2","A","4","E","642183.874","6074259.643"
"12B-1.O","1","2","B","1","O","642183.779","6074261.288"
"12B-1.I","1","2","B","1","I","642183.690","6074261.200"
"12B-1.N","1","2","B","1","N","642183.690","6074261.288"
"12B-1.E","1","2","B","1","E","642183.779","6074261.200"
"12B-2.O","1","2","B","2","O","642183.172","6074260.681"
"12B-2.I","1","2","B","2","I","642183.397","6074260.906"
"12B-2.S","1","2","B","2","S","642183.397","6074260.681"
"12B-2.W","1","2","B","2","W","642183.172","6074260.906"
"12B-3.O","1","2","B","3","O","642183.172","6074261.356"
"12B-3.I","1","2","B","3","I","642183.397","6074261.131"
"12B-3.N","1","2","B","3","N","642183.397","6074261.356"
"12B-3.W","1","2","B","3","W","642183.172","6074261.131"
"12B-4.O","1","2","B","4","O","642183.847","6074260.681"
"12B-4.I","1","2","B","4","I","642183.622","6074260.906"
"12B-4.S","1","2","B","4","S","642183.622","6074260.681"
"12B-4.E","1","2","B","4","E","642183.847","6074260.906"
"12C-1.O","1","2","C","1","O","642185.043","6074259.598"
"12C-1.I","1","2","C","1","I","642184.955","6074259.686"
"12C-1.S","1","2","C","1","S","642184.955","6074259.598"
"12C-1.E","1","2","C","1","E","642185.043","6074259.686"
"12C-2.O","1","2","C","2","O","642185.112","6074260.205"
"12C-2.I","1","2","C","2","I","642184.887","6074259.980"
"12C-2.N","1","2","C","2","N","642184.887","6074260.205"
"12C-2.E","1","2","C","2","E","642185.112","6074259.980"
"12C-3.O","1","2","C","3","O","642184.437","6074259.530"
"12C-3.I","1","2","C","3","I","642184.662","6074259.755"
"12C-3.S","1","2","C","3","S","642184.662","6074259.530"
"12C-3.W","1","2","C","3","W","642184.437","6074259.755"
"12C-4.O","1","2","C","4","O","642184.437","6074260.205"
"12C-4.I","1","2","C","4","I","642184.662","6074259.980"
"12C-4.N","1","2","C","4","N","642184.662","6074260.205"
"12C-4.W","1","2","C","4","W","642184.437","6074259.980"
"22A-1.O","2","2","A","1","O","642182.749","6074274.475"
"22A-1.I","2","2","A","1","I","642182.661","6074274.563"
"22A-1.S","2","2","A","1","S","642182.661","6074274.475"
"22A-1.E","2","2","A","1","E","642182.749","6074274.563"
"22A-2.O","2","2","A","2","O","642182.817","6074275.082"
"22A-2.I","2","2","A","2","I","642182.592","6074274.857"
"22A-2.N","2","2","A","2","N","642182.592","6074275.082"
"22A-2.E","2","2","A","2","E","642182.817","6074274.857"
"22A-3.O","2","2","A","3","O","642182.142","6074275.082"
"22A-3.I","2","2","A","3","I","642182.367","6074274.857"
"22A-3.N","2","2","A","3","N","642182.367","6074275.082"
"22A-3.W","2","2","A","3","W","642182.142","6074274.857"
"22A-4.O","2","2","A","4","O","642182.142","6074274.407"
"22A-4.I","2","2","A","4","I","642182.367","6074274.632"
"22A-4.S","2","2","A","4","S","642182.367","6074274.407"
"22A-4.W","2","2","A","4","W","642182.142","6074274.632"
"22B-1.O","2","2","B","1","O","642178.527","6074274.369"
"22B-1.I","2","2","B","1","I","642178.615","6074274.281"
"22B-1.N","2","2","B","1","N","642178.615","6074274.369"
"22B-1.W","2","2","B","1","W","642178.527","6074274.281"
"22B-2.O","2","2","B","2","O","642179.134","6074274.437"
"22B-2.I","2","2","B","2","I","642178.909","6074274.212"
"22B-2.N","2","2","B","2","N","642178.909","6074274.437"
"22B-2.E","2","2","B","2","E","642179.134","6074274.212"
"22B-3.O","2","2","B","3","O","642179.134","6074273.762"
"22B-3.I","2","2","B","3","I","642178.909","6074273.987"
"22B-3.S","2","2","B","3","S","642178.909","6074273.762"
"22B-3.E","2","2","B","3","E","642179.134","6074273.987"
"22B-4.O","2","2","B","4","O","642178.459","6074273.762"
"22B-4.I","2","2","B","4","I","642178.684","6074273.987"
"22B-4.S","2","2","B","4","S","642178.684","6074273.762"
"22B-4.W","2","2","B","4","W","642178.459","6074273.987"
"22C-1.O","2","2","C","1","O","642179.337","6074272.356"
"22C-1.I","2","2","C","1","I","642179.425","6074272.268"
"22C-1.N","2","2","C","1","N","642179.425","6074272.356"
"22C-1.W","2","2","C","1","W","642179.337","6074272.268"
"22C-2.O","2","2","C","2","O","642179.269","6074271.749"
"22C-2.I","2","2","C","2","I","642179.494","6074271.974"
"22C-2.S","2","2","C","2","S","642179.494","6074271.749"
"22C-2.W","2","2","C","2","W","642179.269","6074271.974"
"22C-3.O","2","2","C","3","O","642179.944","6074272.424"
"22C-3.I","2","2","C","3","I","642179.719","6074272.199"
"22C-3.N","2","2","C","3","N","642179.719","6074272.424"
"22C-3.E","2","2","C","3","E","642179.944","6074272.199"
"22C-4.O","2","2","C","4","O","642179.944","6074271.749"
"22C-4.I","2","2","C","4","I","642179.719","6074271.974"
"22C-4.S","2","2","C","4","S","642179.719","6074271.749"
"22C-4.E","2","2","C","4","E","642179.944","6074271.974"
"32A-1.O","3","2","A","1","O","642172.308","6074281.667"
"32A-1.I","3","2","A","1","I","642172.220","6074281.756"
"32A-1.S","3","2","A","1","S","642172.220","6074281.667"
"32A-1.E","3","2","A","1","E","642172.308","6074281.756"
"32A-2.O","3","2","A","2","O","642171.702","6074282.274"
"32A-2.I","3","2","A","2","I","642171.927","6074282.049"
"32A-2.N","3","2","A","2","N","642171.927","6074282.274"
"32A-2.W","3","2","A","2","W","642171.702","6074282.049"
"32A-3.O","3","2","A","3","O","642172.377","6074282.274"
"32A-3.I","3","2","A","3","I","642172.152","6074282.049"
"32A-3.N","3","2","A","3","N","642172.152","6074282.274"
"32A-3.E","3","2","A","3","E","642172.377","6074282.049"
"32A-4.O","3","2","A","4","O","642171.702","6074281.599"
"32A-4.I","3","2","A","4","I","642171.927","6074281.824"
"32A-4.S","3","2","A","4","S","642171.927","6074281.599"
"32A-4.W","3","2","A","4","W","642171.702","6074281.824"
"32B-1.O","3","2","B","1","O","642170.123","6074282.526"
"32B-1.I","3","2","B","1","I","642170.212","6074282.438"
"32B-1.N","3","2","B","1","N","642170.212","6074282.526"
"32B-1.W","3","2","B","1","W","642170.123","6074282.438"
"32B-2.O","3","2","B","2","O","642170.055","6074281.920"
"32B-2.I","3","2","B","2","I","642170.280","6074282.145"
"32B-2.S","3","2","B","2","S","642170.280","6074281.920"
"32B-2.W","3","2","B","2","W","642170.055","6074282.145"
"32B-3.O","3","2","B","3","O","642170.730","6074281.920"
"32B-3.I","3","2","B","3","I","642170.505","6074282.145"
"32B-3.S","3","2","B","3","S","642170.505","6074281.920"
"32B-3.E","3","2","B","3","E","642170.730","6074282.145"
"32B-4.O","3","2","B","4","O","642170.730","6074282.595"
"32B-4.I","3","2","B","4","I","642170.505","6074282.370"
"32B-4.N","3","2","B","4","N","642170.505","6074282.595"
"32B-4.E","3","2","B","4","E","642170.730","6074282.370"
"32C-1.O","3","2","C","1","O","642171.544","6074283.818"
"32C-1.I","3","2","C","1","I","642171.633","6074283.730"
"32C-1.N","3","2","C","1","N","642171.633","6074283.818"
"32C-1.W","3","2","C","1","W","642171.544","6074283.730"
"32C-2.O","3","2","C","2","O","642171.476","6074283.212"
"32C-2.I","3","2","C","2","I","642171.701","6074283.437"
"32C-2.S","3","2","C","2","S","642171.701","6074283.212"
"32C-2.W","3","2","C","2","W","642171.476","6074283.437"
"32C-3.O","3","2","C","3","O","642172.151","6074283.212"
"32C-3.I","3","2","C","3","I","642171.926","6074283.437"
"32C-3.S","3","2","C","3","S","642171.926","6074283.212"
"32C-3.E","3","2","C","3","E","642172.151","6074283.437"
"32C-4.O","3","2","C","4","O","642172.151","6074283.887"
"32C-4.I","3","2","C","4","I","642171.926","6074283.662"
"32C-4.N","3","2","C","4","N","642171.926","6074283.887"
"32C-4.E","3","2","C","4","E","642172.151","6074283.662"
"42A-1.O","4","2","A","1","O","642176.729","6074292.912"
"42A-1.I","4","2","A","1","I","642176.818","6074293.000"
"42A-1.S","4","2","A","1","S","642176.818","6074292.912"
"42A-1.W","4","2","A","1","W","642176.729","6074293.000"
"42A-2.O","4","2","A","2","O","642177.336","6074292.843"
"42A-2.I","4","2","A","2","I","642177.111","6074293.068"
"42A-2.S","4","2","A","2","S","642177.111","6074292.843"
"42A-2.E","4","2","A","2","E","642177.336","6074293.068"
"42A-3.O","4","2","A","3","O","642176.661","6074293.518"
"42A-3.I","4","2","A","3","I","642176.886","6074293.293"
"42A-3.N","4","2","A","3","N","642176.886","6074293.518"
"42A-3.W","4","2","A","3","W","642176.661","6074293.293"
"42A-4.O","4","2","A","4","O","642177.336","6074293.518"
"42A-4.I","4","2","A","4","I","642177.111","6074293.293"
"42A-4.N","4","2","A","4","N","642177.111","6074293.518"
"42A-4.E","4","2","A","4","E","642177.336","6074293.293"
"42B-1.O","4","2","B","1","O","642181.021","6074291.074"
"42B-1.I","4","2","B","1","I","642181.109","6074290.985"
"42B-1.N","4","2","B","1","N","642181.109","6074291.074"
"42B-1.W","4","2","B","1","W","642181.021","6074290.985"
"42B-2.O","4","2","B","2","O","642180.953","6074290.467"
"42B-2.I","4","2","B","2","I","642181.178","6074290.692"
"42B-2.S","4","2","B","2","S","642181.178","6074290.467"
"42B-2.W","4","2","B","2","W","642180.953","6074290.692"
"42B-3.O","4","2","B","3","O","642181.628","6074291.142"
"42B-3.I","4","2","B","3","I","642181.403","6074290.917"
"42B-3.N","4","2","B","3","N","642181.403","6074291.142"
"42B-3.E","4","2","B","3","E","642181.628","6074290.917"
"42B-4.O","4","2","B","4","O","642181.628","6074290.467"
"42B-4.I","4","2","B","4","I","642181.403","6074290.692"
"42B-4.S","4","2","B","4","S","642181.403","6074290.467"
"42B-4.E","4","2","B","4","E","642181.628","6074290.692"
"42C-1.O","4","2","C","1","O","642183.499","6074290.239"
"42C-1.I","4","2","C","1","I","642183.588","6074290.150"
"42C-1.N","4","2","C","1","N","642183.588","6074290.239"
"42C-1.W","4","2","C","1","W","642183.499","6074290.150"
"42C-2.O","4","2","C","2","O","642184.106","6074289.632"
"42C-2.I","4","2","C","2","I","642183.881","6074289.857"
"42C-2.S","4","2","C","2","S","642183.881","6074289.632"
"42C-2.E","4","2","C","2","E","642184.106","6074289.857"
"42C-3.O","4","2","C","3","O","642183.431","6074289.632"
"42C-3.I","4","2","C","3","I","642183.656","6074289.857"
"42C-3.S","4","2","C","3","S","642183.656","6074289.632"
"42C-3.W","4","2","C","3","W","642183.431","6074289.857"
"42C-4.O","4","2","C","4","O","642184.106","6074290.307"
"42C-4.I","4","2","C","4","I","642183.881","6074290.082"
"42C-4.N","4","2","C","4","N","642183.881","6074290.307"
"42C-4.E","4","2","C","4","E","642184.106","6074290.082"
"52A-1.O","5","2","A","1","O","642170.541","6074303.125"
"52A-1.I","5","2","A","1","I","642170.629","6074303.037"
"52A-1.N","5","2","A","1","N","642170.629","6074303.125"
"52A-1.W","5","2","A","1","W","642170.541","6074303.037"
"52A-2.O","5","2","A","2","O","642170.472","6074302.519"
"52A-2.I","5","2","A","2","I","642170.697","6074302.744"
"52A-2.S","5","2","A","2","S","642170.697","6074302.519"
"52A-2.W","5","2","A","2","W","642170.472","6074302.744"
"52A-3.O","5","2","A","3","O","642171.147","6074302.519"
"52A-3.I","5","2","A","3","I","642170.922","6074302.744"
"52A-3.S","5","2","A","3","S","642170.922","6074302.519"
"52A-3.E","5","2","A","3","E","642171.147","6074302.744"
"52A-4.O","5","2","A","4","O","642171.147","6074303.194"
"52A-4.I","5","2","A","4","I","642170.922","6074302.969"
"52A-4.N","5","2","A","4","N","642170.922","6074303.194"
"52A-4.E","5","2","A","4","E","642171.147","6074302.969"
"52B-1.O","5","2","B","1","O","642170.457","6074305.181"
"52B-1.I","5","2","B","1","I","642170.368","6074305.093"
"52B-1.N","5","2","B","1","N","642170.368","6074305.181"
"52B-1.E","5","2","B","1","E","642170.457","6074305.093"
"52B-2.O","5","2","B","2","O","642169.850","6074305.250"
"52B-2.I","5","2","B","2","I","642170.075","6074305.025"
"52B-2.N","5","2","B","2","N","642170.075","6074305.250"
"52B-2.W","5","2","B","2","W","642169.850","6074305.025"
"52B-3.O","5","2","B","3","O","642170.525","6074304.575"
"52B-3.I","5","2","B","3","I","642170.300","6074304.800"
"52B-3.S","5","2","B","3","S","642170.300","6074304.575"
"52B-3.E","5","2","B","3","E","642170.525","6074304.800"
"52B-4.O","5","2","B","4","O","642169.850","6074304.575"
"52B-4.I","5","2","B","4","I","642170.075","6074304.800"
"52B-4.S","5","2","B","4","S","642170.075","6074304.575"
"52B-4.W","5","2","B","4","W","642169.850","6074304.800"
"52C-1.O","5","2","C","1","O","642169.379","6074306.501"
"52C-1.I","5","2","C","1","I","642169.291","6074306.413"
"52C-1.N","5","2","C","1","N","642169.291","6074306.501"
"52C-1.E","5","2","C","1","E","642169.379","6074306.413"
"52C-2.O","5","2","C","2","O","642168.772","6074305.895"
"52C-2.I","5","2","C","2","I","642168.997","6074306.120"
"52C-2.S","5","2","C","2","S","642168.997","6074305.895"
"52C-2.W","5","2","C","2","W","642168.772","6074306.120"
"52C-3.O","5","2","C","3","O","642169.447","6074305.895"
"52C-3.I","5","2","C","3","I","642169.222","6074306.120"
"52C-3.S","5","2","C","3","S","642169.222","6074305.895"
"52C-3.E","5","2","C","3","E","642169.447","6074306.120"
"52C-4.O","5","2","C","4","O","642168.772","6074306.570"
"52C-4.I","5","2","C","4","I","642168.997","6074306.345"
"52C-4.N","5","2","C","4","N","642168.997","6074306.570"
"52C-4.W","5","2","C","4","W","642168.772","6074306.345"
"62A-1.O","6","2","A","1","O","642187.753","6074373.753"
"62A-1.I","6","2","A","1","I","642187.664","6074373.665"
"62A-1.N","6","2","A","1","N","642187.664","6074373.753"
"62A-1.E","6","2","A","1","E","642187.753","6074373.665"
"62A-2.O","6","2","A","2","O","642187.146","6074373.821"
"62A-2.I","6","2","A","2","I","642187.371","6074373.596"
"62A-2.N","6","2","A","2","N","642187.371","6074373.821"
"62A-2.W","6","2","A","2","W","642187.146","6074373.596"
"62A-3.O","6","2","A","3","O","642187.146","6074373.146"
"62A-3.I","6","2","A","3","I","642187.371","6074373.371"
"62A-3.S","6","2","A","3","S","642187.371","6074373.146"
"62A-3.W","6","2","A","3","W","642187.146","6074373.371"
"62A-4.O","6","2","A","4","O","642187.821","6074373.146"
"62A-4.I","6","2","A","4","I","642187.596","6074373.371"
"62A-4.S","6","2","A","4","S","642187.596","6074373.146"
"62A-4.E","6","2","A","4","E","642187.821","6074373.371"
"62B-1.O","6","2","B","1","O","642184.866","6074371.347"
"62B-1.I","6","2","B","1","I","642184.954","6074371.259"
"62B-1.N","6","2","B","1","N","642184.954","6074371.347"
"62B-1.W","6","2","B","1","W","642184.866","6074371.259"
"62B-2.O","6","2","B","2","O","642184.797","6074370.741"
"62B-2.I","6","2","B","2","I","642185.022","6074370.966"
"62B-2.S","6","2","B","2","S","642185.022","6074370.741"
"62B-2.W","6","2","B","2","W","642184.797","6074370.966"
"62B-3.O","6","2","B","3","O","642185.472","6074371.416"
"62B-3.I","6","2","B","3","I","642185.247","6074371.191"
"62B-3.N","6","2","B","3","N","642185.247","6074371.416"
"62B-3.E","6","2","B","3","E","642185.472","6074371.191"
"62B-4.O","6","2","B","4","O","642185.472","6074370.741"
"62B-4.I","6","2","B","4","I","642185.247","6074370.966"
"62B-4.S","6","2","B","4","S","642185.247","6074370.741"
"62B-4.E","6","2","B","4","E","642185.472","6074370.966"
"62C-1.O","6","2","C","1","O","642186.100","6074372.875"
"62C-1.I","6","2","C","1","I","642186.012","6074372.787"
"62C-1.N","6","2","C","1","N","642186.012","6074372.875"
"62C-1.E","6","2","C","1","E","642186.100","6074372.787"
"62C-2.O","6","2","C","2","O","642185.493","6074372.269"
"62C-2.I","6","2","C","2","I","642185.718","6074372.494"
"62C-2.S","6","2","C","2","S","642185.718","6074372.269"
"62C-2.W","6","2","C","2","W","642185.493","6074372.494"
"62C-3.O","6","2","C","3","O","642185.493","6074372.944"
"62C-3.I","6","2","C","3","I","642185.718","6074372.719"
"62C-3.N","6","2","C","3","N","642185.718","6074372.944"
"62C-3.W","6","2","C","3","W","642185.493","6074372.719"
"62C-4.O","6","2","C","4","O","642186.168","6074372.269"
"62C-4.I","6","2","C","4","I","642185.943","6074372.494"
"62C-4.S","6","2","C","4","S","642185.943","6074372.269"
"62C-4.E","6","2","C","4","E","642186.168","6074372.494"
"72A-1.O","7","2","A","1","O","642115.731","6074205.731"
"72A-1.I","7","2","A","1","I","642115.819","6074205.819"
"72A-1.S","7","2","A","1","S","642115.819","6074205.731"
"72A-1.W","7","2","A","1","W","642115.731","6074205.819"
"72A-2.O","7","2","A","2","O","642116.338","6074206.338"
"72A-2.I","7","2","A","2","I","642116.113","6074206.112"
"72A-2.N","7","2","A","2","N","642116.113","6074206.338"
"72A-2.E","7","2","A","2","E","642116.338","6074206.112"
"72A-3.O","7","2","A","3","O","642116.338","6074205.662"
"72A-3.I","7","2","A","3","I","642116.113","6074205.888"
"72A-3.S","7","2","A","3","S","642116.113","6074205.662"
"72A-3.E","7","2","A","3","E","642116.338","6074205.888"
"72A-4.O","7","2","A","4","O","642115.662","6074206.338"
"72A-4.I","7","2","A","4","I","642115.887","6074206.112"
"72A-4.N","7","2","A","4","N","642115.887","6074206.338"
"72A-4.W","7","2","A","4","W","642115.662","6074206.112"
"72B-1.O","7","2","B","1","O","642122.731","6074205.399"
"72B-1.I","7","2","B","1","I","642122.643","6074205.311"
"72B-1.N","7","2","B","1","N","642122.643","6074205.399"
"72B-1.E","7","2","B","1","E","642122.731","6074205.311"
"72B-2.O","7","2","B","2","O","642122.800","6074204.792"
"72B-2.I","7","2","B","2","I","642122.575","6074205.017"
"72B-2.S","7","2","B","2","S","642122.575","6074204.792"
"72B-2.E","7","2","B","2","E","642122.800","6074205.017"
"72B-3.O","7","2","B","3","O","642122.125","6074204.792"
"72B-3.I","7","2","B","3","I","642122.350","6074205.017"
"72B-3.S","7","2","B","3","S","642122.350","6074204.792"
"72B-3.W","7","2","B","3","W","642122.125","6074205.017"
"72B-4.O","7","2","B","4","O","642122.125","6074205.467"
"72B-4.I","7","2","B","4","I","642122.350","6074205.242"
"72B-4.N","7","2","B","4","N","642122.350","6074205.467"
"72B-4.W","7","2","B","4","W","642122.125","6074205.242"
"72C-1.O","7","2","C","1","O","642120.512","6074205.235"
"72C-1.I","7","2","C","1","I","642120.600","6074205.146"
"72C-1.N","7","2","C","1","N","642120.600","6074205.235"
"72C-1.W","7","2","C","1","W","642120.512","6074205.146"
"72C-2.O","7","2","C","2","O","642121.119","6074205.303"
"72C-2.I","7","2","C","2","I","642120.894","6074205.078"
"72C-2.N","7","2","C","2","N","642120.894","6074205.303"
"72C-2.E","7","2","C","2","E","642121.119","6074205.078"
"72C-3.O","7","2","C","3","O","642120.444","6074204.628"
"72C-3.I","7","2","C","3","I","642120.669","6074204.853"
"72C-3.S","7","2","C","3","S","642120.669","6074204.628"
"72C-3.W","7","2","C","3","W","642120.444","6074204.853"
"72C-4.O","7","2","C","4","O","642121.119","6074204.628"
"72C-4.I","7","2","C","4","I","642120.894","6074204.853"
"72C-4.S","7","2","C","4","S","642120.894","6074204.628"
"72C-4.E","7","2","C","4","E","642121.119","6074204.853"
"82A-1.O","8","2","A","1","O","642117.978","6074300.946"
"82A-1.I","8","2","A","1","I","642117.890","6074300.858"
"82A-1.N","8","2","A","1","N","642117.890","6074300.946"
"82A-1.E","8","2","A","1","E","642117.978","6074300.858"
"82A-2.O","8","2","A","2","O","642118.047","6074300.340"
"82A-2.I","8","2","A","2","I","642117.822","6074300.565"
"82A-2.S","8","2","A","2","S","642117.822","6074300.340"
"82A-2.E","8","2","A","2","E","642118.047","6074300.565"
"82A-3.O","8","2","A","3","O","642117.372","6074301.015"
"82A-3.I","8","2","A","3","I","642117.597","6074300.790"
"82A-3.N","8","2","A","3","N","642117.597","6074301.015"
"82A-3.W","8","2","A","3","W","642117.372","6074300.790"
"82A-4.O","8","2","A","4","O","642117.372","6074300.340"
"82A-4.I","8","2","A","4","I","642117.597","6074300.565"
"82A-4.S","8","2","A","4","S","642117.597","6074300.340"
"82A-4.W","8","2","A","4","W","642117.372","6074300.565"
"82B-1.O","8","2","B","1","O","642118.125","6074298.758"
"82B-1.I","8","2","B","1","I","642118.036","6074298.846"
"82B-1.S","8","2","B","1","S","642118.036","6074298.758"
"82B-1.E","8","2","B","1","E","642118.125","6074298.846"
"82B-2.O","8","2","B","2","O","642117.518","6074299.364"
"82B-2.I","8","2","B","2","I","642117.743","6074299.139"
"82B-2.N","8","2","B","2","N","642117.743","6074299.364"
"82B-2.W","8","2","B","2","W","642117.518","6074299.139"
"82B-3.O","8","2","B","3","O","642117.518","6074298.689"
"82B-3.I","8","2","B","3","I","642117.743","6074298.914"
"82B-3.S","8","2","B","3","S","642117.743","6074298.689"
"82B-3.W","8","2","B","3","W","642117.518","6074298.914"
"82B-4.O","8","2","B","4","O","642118.193","6074299.364"
"82B-4.I","8","2","B","4","I","642117.968","6074299.139"
"82B-4.N","8","2","B","4","N","642117.968","6074299.364"
"82B-4.E","8","2","B","4","E","642118.193","6074299.139"
"82C-1.O","8","2","C","1","O","642122.530","6074303.158"
"82C-1.I","8","2","C","1","I","642122.442","6074303.069"
"82C-1.N","8","2","C","1","N","642122.442","6074303.158"
"82C-1.E","8","2","C","1","E","642122.530","6074303.069"
"82C-2.O","8","2","C","2","O","642121.923","6074302.551"
"82C-2.I","8","2","C","2","I","642122.148","6074302.776"
"82C-2.S","8","2","C","2","S","642122.148","6074302.551"
"82C-2.W","8","2","C","2","W","642121.923","6074302.776"
"82C-3.O","8","2","C","3","O","642121.923","6074303.226"
"82C-3.I","8","2","C","3","I","642122.148","6074303.001"
"82C-3.N","8","2","C","3","N","642122.148","6074303.226"
"82C-3.W","8","2","C","3","W","642121.923","6074303.001"
"82C-4.O","8","2","C","4","O","642122.598","6074302.551"
"82C-4.I","8","2","C","4","I","642122.373","6074302.776"
"82C-4.S","8","2","C","4","S","642122.373","6074302.551"
"82C-4.E","8","2","C","4","E","642122.598","6074302.776"
"13A-1.O","1","3","A","1","O","642177.925","6074263.661"
"13A-1.I","1","3","A","1","I","642177.837","6074263.572"
"13A-1.N","1","3","A","1","N","642177.837","6074263.661"
"13A-1.E","1","3","A","1","E","642177.925","6074263.572"
"13A-2.O","1","3","A","2","O","642177.318","6074263.729"
"13A-2.I","1","3","A","2","I","642177.543","6074263.504"
"13A-2.N","1","3","A","2","N","642177.543","6074263.729"
"13A-2.W","1","3","A","2","W","642177.318","6074263.504"
"13A-3.O","1","3","A","3","O","642177.318","6074263.054"
"13A-3.I","1","3","A","3","I","642177.543","6074263.279"
"13A-3.S","1","3","A","3","S","642177.543","6074263.054"
"13A-3.W","1","3","A","3","W","642177.318","6074263.279"
"13A-4.O","1","3","A","4","O","642177.993","6074263.054"
"13A-4.I","1","3","A","4","I","642177.768","6074263.279"
"13A-4.S","1","3","A","4","S","642177.768","6074263.054"
"13A-4.E","1","3","A","4","E","642177.993","6074263.279"
"13B-1.O","1","3","B","1","O","642177.599","6074264.759"
"13B-1.I","1","3","B","1","I","642177.511","6074264.847"
"13B-1.S","1","3","B","1","S","642177.511","6074264.759"
"13B-1.E","1","3","B","1","E","642177.599","6074264.847"
"13B-2.O","1","3","B","2","O","642177.668","6074265.366"
"13B-2.I","1","3","B","2","I","642177.443","6074265.141"
"13B-2.N","1","3","B","2","N","642177.443","6074265.366"
"13B-2.E","1","3","B","2","E","642177.668","6074265.141"
"13B-3.O","1","3","B","3","O","642176.993","6074265.366"
"13B-3.I","1","3","B","3","I","642177.218","6074265.141"
"13B-3.N","1","3","B","3","N","642177.218","6074265.366"
"13B-3.W","1","3","B","3","W","642176.993","6074265.141"
"13B-4.O","1","3","B","4","O","642176.993","6074264.691"
"13B-4.I","1","3","B","4","I","642177.218","6074264.916"
"13B-4.S","1","3","B","4","S","642177.218","6074264.691"
"13B-4.W","1","3","B","4","W","642176.993","6074264.916"
"13C-1.O","1","3","C","1","O","642178.633","6074265.505"
"13C-1.I","1","3","C","1","I","642178.722","6074265.417"
"13C-1.N","1","3","C","1","N","642178.722","6074265.505"
"13C-1.W","1","3","C","1","W","642178.633","6074265.417"
"13C-2.O","1","3","C","2","O","642179.240","6074265.573"
"13C-2.I","1","3","C","2","I","642179.015","6074265.348"
"13C-2.N","1","3","C","2","N","642179.015","6074265.573"
"13C-2.E","1","3","C","2","E","642179.240","6074265.348"
"13C-3.O","1","3","C","3","O","642178.565","6074264.898"
"13C-3.I","1","3","C","3","I","642178.790","6074265.123"
"13C-3.S","1","3","C","3","S","642178.790","6074264.898"
"13C-3.W","1","3","C","3","W","642178.565","6074265.123"
"13C-4.O","1","3","C","4","O","642179.240","6074264.898"
"13C-4.I","1","3","C","4","I","642179.015","6074265.123"
"13C-4.S","1","3","C","4","S","642179.015","6074264.898"
"13C-4.E","1","3","C","4","E","642179.240","6074265.123"
"23A-1.O","2","3","A","1","O","642186.109","6074269.349"
"23A-1.I","2","3","A","1","I","642186.197","6074269.261"
"23A-1.N","2","3","A","1","N","642186.197","6074269.349"
"23A-1.W","2","3","A","1","W","642186.109","6074269.261"
"23A-2.O","2","3","A","2","O","642186.715","6074269.417"
"23A-2.I","2","3","A","2","I","642186.490","6074269.192"
"23A-2.N","2","3","A","2","N","642186.490","6074269.417"
"23A-2.E","2","3","A","2","E","642186.715","6074269.192"
"23A-3.O","2","3","A","3","O","642186.715","6074268.742"
"23A-3.I","2","3","A","3","I","642186.490","6074268.967"
"23A-3.S","2","3","A","3","S","642186.490","6074268.742"
"23A-3.E","2","3","A","3","E","642186.715","6074268.967"
"23A-4.O","2","3","A","4","O","642186.040","6074268.742"
"23A-4.I","2","3","A","4","I","642186.265","6074268.967"
"23A-4.S","2","3","A","4","S","642186.265","6074268.742"
"23A-4.W","2","3","A","4","W","642186.040","6074268.967"
"23B-1.O","2","3","B","1","O","642187.390","6074266.251"
"23B-1.I","2","3","B","1","I","642187.302","6074266.163"
"23B-1.N","2","3","B","1","N","642187.302","6074266.251"
"23B-1.E","2","3","B","1","E","642187.390","6074266.163"
"23B-2.O","2","3","B","2","O","642186.784","6074265.645"
"23B-2.I","2","3","B","2","I","642187.009","6074265.870"
"23B-2.S","2","3","B","2","S","642187.009","6074265.645"
"23B-2.W","2","3","B","2","W","642186.784","6074265.870"
"23B-3.O","2","3","B","3","O","642187.459","6074265.645"
"23B-3.I","2","3","B","3","I","642187.234","6074265.870"
"23B-3.S","2","3","B","3","S","642187.234","6074265.645"
"23B-3.E","2","3","B","3","E","642187.459","6074265.870"
"23B-4.O","2","3","B","4","O","642186.784","6074266.320"
"23B-4.I","2","3","B","4","I","642187.009","6074266.095"
"23B-4.N","2","3","B","4","N","642187.009","6074266.320"
"23B-4.W","2","3","B","4","W","642186.784","6074266.095"
"23C-1.O","2","3","C","1","O","642185.596","6074267.430"
"23C-1.I","2","3","C","1","I","642185.685","6074267.341"
"23C-1.N","2","3","C","1","N","642185.685","6074267.430"
"23C-1.W","2","3","C","1","W","642185.596","6074267.341"
"23C-2.O","2","3","C","2","O","642186.203","6074267.498"
"23C-2.I","2","3","C","2","I","642185.978","6074267.273"
"23C-2.N","2","3","C","2","N","642185.978","6074267.498"
"23C-2.E","2","3","C","2","E","642186.203","6074267.273"
"23C-3.O","2","3","C","3","O","642185.528","6074266.823"
"23C-3.I","2","3","C","3","I","642185.753","6074267.048"
"23C-3.S","2","3","C","3","S","642185.753","6074266.823"
"23C-3.W","2","3","C","3","W","642185.528","6074267.048"
"23C-4.O","2","3","C","4","O","642186.203","6074266.823"
"23C-4.I","2","3","C","4","I","642185.978","6074267.048"
"23C-4.S","2","3","C","4","S","642185.978","6074266.823"
"23C-4.E","2","3","C","4","E","642186.203","6074267.048"
"33A-1.O","3","3","A","1","O","642177.876","6074275.711"
"33A-1.I","3","3","A","1","I","642177.787","6074275.799"
"33A-1.S","3","3","A","1","S","642177.787","6074275.711"
"33A-1.E","3","3","A","1","E","642177.876","6074275.799"
"33A-2.O","3","3","A","2","O","642177.269","6074275.642"
"33A-2.I","3","3","A","2","I","642177.494","6074275.867"
"33A-2.S","3","3","A","2","S","642177.494","6074275.642"
"33A-2.W","3","3","A","2","W","642177.269","6074275.867"
"33A-3.O","3","3","A","3","O","642177.269","6074276.317"
"33A-3.I","3","3","A","3","I","642177.494","6074276.092"
"33A-3.N","3","3","A","3","N","642177.494","6074276.317"
"33A-3.W","3","3","A","3","W","642177.269","6074276.092"
"33A-4.O","3","3","A","4","O","642177.944","6074276.317"
"33A-4.I","3","3","A","4","I","642177.719","6074276.092"
"33A-4.N","3","3","A","4","N","642177.719","6074276.317"
"33A-4.E","3","3","A","4","E","642177.944","6074276.092"
"33B-1.O","3","3","B","1","O","642179.033","6074275.352"
"33B-1.I","3","3","B","1","I","642179.122","6074275.440"
"33B-1.S","3","3","B","1","S","642179.122","6074275.352"
"33B-1.W","3","3","B","1","W","642179.033","6074275.440"
"33B-2.O","3","3","B","2","O","642178.965","6074275.959"
"33B-2.I","3","3","B","2","I","642179.190","6074275.734"
"33B-2.N","3","3","B","2","N","642179.190","6074275.959"
"33B-2.W","3","3","B","2","W","642178.965","6074275.734"
"33B-3.O","3","3","B","3","O","642179.640","6074275.959"
"33B-3.I","3","3","B","3","I","642179.415","6074275.734"
"33B-3.N","3","3","B","3","N","642179.415","6074275.959"
"33B-3.E","3","3","B","3","E","642179.640","6074275.734"
"33B-4.O","3","3","B","4","O","642179.640","6074275.284"
"33B-4.I","3","3","B","4","I","642179.415","6074275.509"
"33B-4.S","3","3","B","4","S","642179.415","6074275.284"
"33B-4.E","3","3","B","4","E","642179.640","6074275.509"
"33C-1.O","3","3","C","1","O","642177.762","6074274.445"
"33C-1.I","3","3","C","1","I","642177.674","6074274.534"
"33C-1.S","3","3","C","1","S","642177.674","6074274.445"
"33C-1.E","3","3","C","1","E","642177.762","6074274.534"
"33C-2.O","3","3","C","2","O","642177.155","6074274.377"
"33C-2.I","3","3","C","2","I","642177.380","6074274.602"
"33C-2.S","3","3","C","2","S","642177.380","6074274.377"
"33C-2.W","3","3","C","2","W","642177.155","6074274.602"
"33C-3.O","3","3","C","3","O","642177.155","6074275.052"
"33C-3.I","3","3","C","3","I","642177.380","6074274.827"
"33C-3.N","3","3","C","3","N","642177.380","6074275.052"
"33C-3.W","3","3","C","3","W","642177.155","6074274.827"
"33C-4.O","3","3","C","4","O","642177.830","6074275.052"
"33C-4.I","3","3","C","4","I","642177.605","6074274.827"
"33C-4.N","3","3","C","4","N","642177.605","6074275.052"
"33C-4.E","3","3","C","4","E","642177.830","6074274.827"
"43A-1.O","4","3","A","1","O","642172.777","6074286.035"
"43A-1.I","4","3","A","1","I","642172.866","6074285.946"
"43A-1.N","4","3","A","1","N","642172.866","6074286.035"
"43A-1.W","4","3","A","1","W","642172.777","6074285.946"
"43A-2.O","4","3","A","2","O","642173.384","6074286.103"
"43A-2.I","4","3","A","2","I","642173.159","6074285.878"
"43A-2.N","4","3","A","2","N","642173.159","6074286.103"
"43A-2.E","4","3","A","2","E","642173.384","6074285.878"
"43A-3.O","4","3","A","3","O","642172.709","6074285.428"
"43A-3.I","4","3","A","3","I","642172.934","6074285.653"
"43A-3.S","4","3","A","3","S","642172.934","6074285.428"
"43A-3.W","4","3","A","3","W","642172.709","6074285.653"
"43A-4.O","4","3","A","4","O","642173.384","6074285.428"
"43A-4.I","4","3","A","4","I","642173.159","6074285.653"
"43A-4.S","4","3","A","4","S","642173.159","6074285.428"
"43A-4.E","4","3","A","4","E","642173.384","6074285.653"
"43B-1.O","4","3","B","1","O","642174.625","6074286.551"
"43B-1.I","4","3","B","1","I","642174.714","6074286.639"
"43B-1.S","4","3","B","1","S","642174.714","6074286.551"
"43B-1.W","4","3","B","1","W","642174.625","6074286.639"
"43B-2.O","4","3","B","2","O","642174.557","6074287.158"
"43B-2.I","4","3","B","2","I","642174.782","6074286.933"
"43B-2.N","4","3","B","2","N","642174.782","6074287.158"
"43B-2.W","4","3","B","2","W","642174.557","6074286.933"
"43B-3.O","4","3","B","3","O","642175.232","6074287.158"
"43B-3.I","4","3","B","3","I","642175.007","6074286.933"
"43B-3.N","4","3","B","3","N","642175.007","6074287.158"
"43B-3.E","4","3","B","3","E","642175.232","6074286.933"
"43B-4.O","4","3","B","4","O","642175.232","6074286.483"
"43B-4.I","4","3","B","4","I","642175.007","6074286.708"
"43B-4.S","4","3","B","4","S","642175.007","6074286.483"
"43B-4.E","4","3","B","4","E","642175.232","6074286.708"
"43C-1.O","4","3","C","1","O","642173.573","6074282.525"
"43C-1.I","4","3","C","1","I","642173.661","6074282.613"
"43C-1.S","4","3","C","1","S","642173.661","6074282.525"
"43C-1.W","4","3","C","1","W","642173.573","6074282.613"
"43C-2.O","4","3","C","2","O","642174.180","6074282.456"
"43C-2.I","4","3","C","2","I","642173.955","6074282.681"
"43C-2.S","4","3","C","2","S","642173.955","6074282.456"
"43C-2.E","4","3","C","2","E","642174.180","6074282.681"
"43C-3.O","4","3","C","3","O","642174.180","6074283.131"
"43C-3.I","4","3","C","3","I","642173.955","6074282.906"
"43C-3.N","4","3","C","3","N","642173.955","6074283.131"
"43C-3.E","4","3","C","3","E","642174.180","6074282.906"
"43C-4.O","4","3","C","4","O","642173.505","6074283.131"
"43C-4.I","4","3","C","4","I","642173.730","6074282.906"
"43C-4.N","4","3","C","4","N","642173.730","6074283.131"
"43C-4.W","4","3","C","4","W","642173.505","6074282.906"
"53A-1.O","5","3","A","1","O","642171.973","6074307.262"
"53A-1.I","5","3","A","1","I","642172.061","6074307.174"
"53A-1.N","5","3","A","1","N","642172.061","6074307.262"
"53A-1.W","5","3","A","1","W","642171.973","6074307.174"
"53A-2.O","5","3","A","2","O","642172.580","6074306.655"
"53A-2.I","5","3","A","2","I","642172.355","6074306.880"
"53A-2.S","5","3","A","2","S","642172.355","6074306.655"
"53A-2.E","5","3","A","2","E","642172.580","6074306.880"
"53A-3.O","5","3","A","3","O","642172.580","6074307.330"
"53A-3.I","5","3","A","3","I","642172.355","6074307.105"
"53A-3.N","5","3","A","3","N","642172.355","6074307.330"
"53A-3.E","5","3","A","3","E","642172.580","6074307.105"
"53A-4.O","5","3","A","4","O","642171.905","6074306.655"
"53A-4.I","5","3","A","4","I","642172.130","6074306.880"
"53A-4.S","5","3","A","4","S","642172.130","6074306.655"
"53A-4.W","5","3","A","4","W","642171.905","6074306.880"
"53B-1.O","5","3","B","1","O","642168.339","6074312.910"
"53B-1.I","5","3","B","1","I","642168.250","6074312.998"
"53B-1.S","5","3","B","1","S","642168.250","6074312.910"
"53B-1.E","5","3","B","1","E","642168.339","6074312.998"
"53B-2.O","5","3","B","2","O","642168.407","6074313.516"
"53B-2.I","5","3","B","2","I","642168.182","6074313.291"
"53B-2.N","5","3","B","2","N","642168.182","6074313.516"
"53B-2.E","5","3","B","2","E","642168.407","6074313.291"
"53B-3.O","5","3","B","3","O","642167.732","6074312.841"
"53B-3.I","5","3","B","3","I","642167.957","6074313.066"
"53B-3.S","5","3","B","3","S","642167.957","6074312.841"
"53B-3.W","5","3","B","3","W","642167.732","6074313.066"
"53B-4.O","5","3","B","4","O","642167.732","6074313.516"
"53B-4.I","5","3","B","4","I","642167.957","6074313.291"
"53B-4.N","5","3","B","4","N","642167.957","6074313.516"
"53B-4.W","5","3","B","4","W","642167.732","6074313.291"
"53C-1.O","5","3","C","1","O","642170.509","6074310.113"
"53C-1.I","5","3","C","1","I","642170.421","6074310.025"
"53C-1.N","5","3","C","1","N","642170.421","6074310.113"
"53C-1.E","5","3","C","1","E","642170.509","6074310.025"
"53C-2.O","5","3","C","2","O","642169.903","6074310.182"
"53C-2.I","5","3","C","2","I","642170.128","6074309.957"
"53C-2.N","5","3","C","2","N","642170.128","6074310.182"
"53C-2.W","5","3","C","2","W","642169.903","6074309.957"
"53C-3.O","5","3","C","3","O","642170.578","6074309.507"
"53C-3.I","5","3","C","3","I","642170.353","6074309.732"
"53C-3.S","5","3","C","3","S","642170.353","6074309.507"
"53C-3.E","5","3","C","3","E","642170.578","6074309.732"
"53C-4.O","5","3","C","4","O","642169.903","6074309.507"
"53C-4.I","5","3","C","4","I","642170.128","6074309.732"
"53C-4.S","5","3","C","4","S","642170.128","6074309.507"
"53C-4.W","5","3","C","4","W","642169.903","6074309.732"
"63A-1.O","6","3","A","1","O","642193.403","6074384.478"
"63A-1.I","6","3","A","1","I","642193.315","6074384.567"
"63A-1.S","6","3","A","1","S","642193.315","6074384.478"
"63A-1.E","6","3","A","1","E","642193.403","6074384.567"
"63A-2.O","6","3","A","2","O","642192.796","6074384.410"
"63A-2.I","6","3","A","2","I","642193.021","6074384.635"
"63A-2.S","6","3","A","2","S","642193.021","6074384.410"
"63A-2.W","6","3","A","2","W","642192.796","6074384.635"
"63A-3.O","6","3","A","3","O","642193.471","6074385.085"
"63A-3.I","6","3","A","3","I","642193.246","6074384.860"
"63A-3.N","6","3","A","3","N","642193.246","6074385.085"
"63A-3.E","6","3","A","3","E","642193.471","6074384.860"
"63A-4.O","6","3","A","4","O","642192.796","6074385.085"
"63A-4.I","6","3","A","4","I","642193.021","6074384.860"
"63A-4.N","6","3","A","4","N","642193.021","6074385.085"
"63A-4.W","6","3","A","4","W","642192.796","6074384.860"
"63B-1.O","6","3","B","1","O","642194.567","6074385.714"
"63B-1.I","6","3","B","1","I","642194.655","6074385.803"
"63B-1.S","6","3","B","1","S","642194.655","6074385.714"
"63B-1.W","6","3","B","1","W","642194.567","6074385.803"
"63B-2.O","6","3","B","2","O","642195.174","6074386.321"
"63B-2.I","6","3","B","2","I","642194.949","6074386.096"
"63B-2.N","6","3","B","2","N","642194.949","6074386.321"
"63B-2.E","6","3","B","2","E","642195.174","6074386.096"
"63B-3.O","6","3","B","3","O","642194.499","6074386.321"
"63B-3.I","6","3","B","3","I","642194.724","6074386.096"
"63B-3.N","6","3","B","3","N","642194.724","6074386.321"
"63B-3.W","6","3","B","3","W","642194.499","6074386.096"
"63B-4.O","6","3","B","4","O","642195.174","6074385.646"
"63B-4.I","6","3","B","4","I","642194.949","6074385.871"
"63B-4.S","6","3","B","4","S","642194.949","6074385.646"
"63B-4.E","6","3","B","4","E","642195.174","6074385.871"
"63C-1.O","6","3","C","1","O","642196.324","6074386.903"
"63C-1.I","6","3","C","1","I","642196.235","6074386.992"
"63C-1.S","6","3","C","1","S","642196.235","6074386.903"
"63C-1.E","6","3","C","1","E","642196.324","6074386.992"
"63C-2.O","6","3","C","2","O","642196.392","6074387.510"
"63C-2.I","6","3","C","2","I","642196.167","6074387.285"
"63C-2.N","6","3","C","2","N","642196.167","6074387.510"
"63C-2.E","6","3","C","2","E","642196.392","6074387.285"
"63C-3.O","6","3","C","3","O","642195.717","6074386.835"
"63C-3.I","6","3","C","3","I","642195.942","6074387.060"
"63C-3.S","6","3","C","3","S","642195.942","6074386.835"
"63C-3.W","6","3","C","3","W","642195.717","6074387.060"
"63C-4.O","6","3","C","4","O","642195.717","6074387.510"
"63C-4.I","6","3","C","4","I","642195.942","6074387.285"
"63C-4.N","6","3","C","4","N","642195.942","6074387.510"
"63C-4.W","6","3","C","4","W","642195.717","6074387.285"
"73A-1.O","7","3","A","1","O","        NA","         NA"
"73A-1.I","7","3","A","1","I","        NA","         NA"
"73A-1.N","7","3","A","1","N","        NA","         NA"
"73A-1.E","7","3","A","1","E","        NA","         NA"
"73A-2.O","7","3","A","2","O","        NA","         NA"
"73A-2.I","7","3","A","2","I","        NA","         NA"
"73A-2.S","7","3","A","2","S","        NA","         NA"
"73A-2.E","7","3","A","2","E","        NA","         NA"
"73A-3.O","7","3","A","3","O","        NA","         NA"
"73A-3.I","7","3","A","3","I","        NA","         NA"
"73A-3.S","7","3","A","3","S","        NA","         NA"
"73A-3.W","7","3","A","3","W","        NA","         NA"
"73A-4.O","7","3","A","4","O","        NA","         NA"
"73A-4.I","7","3","A","4","I","        NA","         NA"
"73A-4.N","7","3","A","4","N","        NA","         NA"
"73A-4.W","7","3","A","4","W","        NA","         NA"
"73B-1.O","7","3","B","1","O","        NA","         NA"
"73B-1.I","7","3","B","1","I","        NA","         NA"
"73B-1.N","7","3","B","1","N","        NA","         NA"
"73B-1.E","7","3","B","1","E","        NA","         NA"
"73B-2.O","7","3","B","2","O","        NA","         NA"
"73B-2.I","7","3","B","2","I","        NA","         NA"
"73B-2.S","7","3","B","2","S","        NA","         NA"
"73B-2.E","7","3","B","2","E","        NA","         NA"
"73B-3.O","7","3","B","3","O","        NA","         NA"
"73B-3.I","7","3","B","3","I","        NA","         NA"
"73B-3.S","7","3","B","3","S","        NA","         NA"
"73B-3.W","7","3","B","3","W","        NA","         NA"
"73B-4.O","7","3","B","4","O","        NA","         NA"
"73B-4.I","7","3","B","4","I","        NA","         NA"
"73B-4.N","7","3","B","4","N","        NA","         NA"
"73B-4.W","7","3","B","4","W","        NA","         NA"
"73C-1.O","7","3","C","1","O","        NA","         NA"
"73C-1.I","7","3","C","1","I","        NA","         NA"
"73C-1.S","7","3","C","1","S","        NA","         NA"
"73C-1.E","7","3","C","1","E","        NA","         NA"
"73C-2.O","7","3","C","2","O","        NA","         NA"
"73C-2.I","7","3","C","2","I","        NA","         NA"
"73C-2.S","7","3","C","2","S","        NA","         NA"
"73C-2.W","7","3","C","2","W","        NA","         NA"
"73C-3.O","7","3","C","3","O","        NA","         NA"
"73C-3.I","7","3","C","3","I","        NA","         NA"
"73C-3.N","7","3","C","3","N","        NA","         NA"
"73C-3.E","7","3","C","3","E","        NA","         NA"
"73C-4.O","7","3","C","4","O","        NA","         NA"
"73C-4.I","7","3","C","4","I","        NA","         NA"
"73C-4.N","7","3","C","4","N","        NA","         NA"
"73C-4.W","7","3","C","4","W","        NA","         NA"
"83A-1.O","8","3","A","1","O","642108.167","6074309.498"
"83A-1.I","8","3","A","1","I","642108.255","6074309.587"
"83A-1.S","8","3","A","1","S","642108.255","6074309.498"
"83A-1.W","8","3","A","1","W","642108.167","6074309.587"
"83A-2.O","8","3","A","2","O","642108.098","6074310.105"
"83A-2.I","8","3","A","2","I","642108.323","6074309.880"
"83A-2.N","8","3","A","2","N","642108.323","6074310.105"
"83A-2.W","8","3","A","2","W","642108.098","6074309.880"
"83A-3.O","8","3","A","3","O","642108.773","6074310.105"
"83A-3.I","8","3","A","3","I","642108.548","6074309.880"
"83A-3.N","8","3","A","3","N","642108.548","6074310.105"
"83A-3.E","8","3","A","3","E","642108.773","6074309.880"
"83A-4.O","8","3","A","4","O","642108.773","6074309.430"
"83A-4.I","8","3","A","4","I","642108.548","6074309.655"
"83A-4.S","8","3","A","4","S","642108.548","6074309.430"
"83A-4.E","8","3","A","4","E","642108.773","6074309.655"
"83B-1.O","8","3","B","1","O","642102.071","6074314.903"
"83B-1.I","8","3","B","1","I","642101.982","6074314.814"
"83B-1.N","8","3","B","1","N","642101.982","6074314.903"
"83B-1.E","8","3","B","1","E","642102.071","6074314.814"
"83B-2.O","8","3","B","2","O","642101.464","6074314.296"
"83B-2.I","8","3","B","2","I","642101.689","6074314.521"
"83B-2.S","8","3","B","2","S","642101.689","6074314.296"
"83B-2.W","8","3","B","2","W","642101.464","6074314.521"
"83B-3.O","8","3","B","3","O","642102.139","6074314.296"
"83B-3.I","8","3","B","3","I","642101.914","6074314.521"
"83B-3.S","8","3","B","3","S","642101.914","6074314.296"
"83B-3.E","8","3","B","3","E","642102.139","6074314.521"
"83B-4.O","8","3","B","4","O","642101.464","6074314.971"
"83B-4.I","8","3","B","4","I","642101.689","6074314.746"
"83B-4.N","8","3","B","4","N","642101.689","6074314.971"
"83B-4.W","8","3","B","4","W","642101.464","6074314.746"
"83C-1.O","8","3","C","1","O","642110.723","6074307.808"
"83C-1.I","8","3","C","1","I","642110.811","6074307.896"
"83C-1.S","8","3","C","1","S","642110.811","6074307.808"
"83C-1.W","8","3","C","1","W","642110.723","6074307.896"
"83C-2.O","8","3","C","2","O","642111.330","6074307.739"
"83C-2.I","8","3","C","2","I","642111.105","6074307.964"
"83C-2.S","8","3","C","2","S","642111.105","6074307.739"
"83C-2.E","8","3","C","2","E","642111.330","6074307.964"
"83C-3.O","8","3","C","3","O","642111.330","6074308.414"
"83C-3.I","8","3","C","3","I","642111.105","6074308.189"
"83C-3.N","8","3","C","3","N","642111.105","6074308.414"
"83C-3.E","8","3","C","3","E","642111.330","6074308.189"
"83C-4.O","8","3","C","4","O","642110.655","6074308.414"
"83C-4.I","8","3","C","4","I","642110.880","6074308.189"
"83C-4.N","8","3","C","4","N","642110.880","6074308.414"
"83C-4.W","8","3","C","4","W","642110.655","6074308.189"
"14A-1.O","1","4","A","1","O","642181.090","6074268.757"
"14A-1.I","1","4","A","1","I","642181.178","6074268.669"
"14A-1.N","1","4","A","1","N","642181.178","6074268.757"
"14A-1.W","1","4","A","1","W","642181.090","6074268.669"
"14A-2.O","1","4","A","2","O","642181.021","6074268.151"
"14A-2.I","1","4","A","2","I","642181.246","6074268.376"
"14A-2.S","1","4","A","2","S","642181.246","6074268.151"
"14A-2.W","1","4","A","2","W","642181.021","6074268.376"
"14A-3.O","1","4","A","3","O","642181.696","6074268.151"
"14A-3.I","1","4","A","3","I","642181.471","6074268.376"
"14A-3.S","1","4","A","3","S","642181.471","6074268.151"
"14A-3.E","1","4","A","3","E","642181.696","6074268.376"
"14A-4.O","1","4","A","4","O","642181.696","6074268.826"
"14A-4.I","1","4","A","4","I","642181.471","6074268.601"
"14A-4.N","1","4","A","4","N","642181.471","6074268.826"
"14A-4.E","1","4","A","4","E","642181.696","6074268.601"
"14B-1.O","1","4","B","1","O","642183.121","6074266.496"
"14B-1.I","1","4","B","1","I","642183.033","6074266.584"
"14B-1.S","1","4","B","1","S","642183.033","6074266.496"
"14B-1.E","1","4","B","1","E","642183.121","6074266.584"
"14B-2.O","1","4","B","2","O","642182.515","6074266.428"
"14B-2.I","1","4","B","2","I","642182.740","6074266.653"
"14B-2.S","1","4","B","2","S","642182.740","6074266.428"
"14B-2.W","1","4","B","2","W","642182.515","6074266.653"
"14B-3.O","1","4","B","3","O","642183.190","6074267.103"
"14B-3.I","1","4","B","3","I","642182.965","6074266.878"
"14B-3.N","1","4","B","3","N","642182.965","6074267.103"
"14B-3.E","1","4","B","3","E","642183.190","6074266.878"
"14B-4.O","1","4","B","4","O","642182.515","6074267.103"
"14B-4.I","1","4","B","4","I","642182.740","6074266.878"
"14B-4.N","1","4","B","4","N","642182.740","6074267.103"
"14B-4.W","1","4","B","4","W","642182.515","6074266.878"
"14C-1.O","1","4","C","1","O","642183.097","6074268.670"
"14C-1.I","1","4","C","1","I","642183.009","6074268.582"
"14C-1.N","1","4","C","1","N","642183.009","6074268.670"
"14C-1.E","1","4","C","1","E","642183.097","6074268.582"
"14C-2.O","1","4","C","2","O","642182.491","6074268.739"
"14C-2.I","1","4","C","2","I","642182.716","6074268.514"
"14C-2.N","1","4","C","2","N","642182.716","6074268.739"
"14C-2.W","1","4","C","2","W","642182.491","6074268.514"
"14C-3.O","1","4","C","3","O","642183.166","6074268.064"
"14C-3.I","1","4","C","3","I","642182.941","6074268.289"
"14C-3.S","1","4","C","3","S","642182.941","6074268.064"
"14C-3.E","1","4","C","3","E","642183.166","6074268.289"
"14C-4.O","1","4","C","4","O","642182.491","6074268.064"
"14C-4.I","1","4","C","4","I","642182.716","6074268.289"
"14C-4.S","1","4","C","4","S","642182.716","6074268.064"
"14C-4.W","1","4","C","4","W","642182.491","6074268.289"
"24A-1.O","2","4","A","1","O","642183.859","6074279.093"
"24A-1.I","2","4","A","1","I","642183.947","6074279.004"
"24A-1.N","2","4","A","1","N","642183.947","6074279.093"
"24A-1.W","2","4","A","1","W","642183.859","6074279.004"
"24A-2.O","2","4","A","2","O","642184.466","6074278.486"
"24A-2.I","2","4","A","2","I","642184.241","6074278.711"
"24A-2.S","2","4","A","2","S","642184.241","6074278.486"
"24A-2.E","2","4","A","2","E","642184.466","6074278.711"
"24A-3.O","2","4","A","3","O","642184.466","6074279.161"
"24A-3.I","2","4","A","3","I","642184.241","6074278.936"
"24A-3.N","2","4","A","3","N","642184.241","6074279.161"
"24A-3.E","2","4","A","3","E","642184.466","6074278.936"
"24A-4.O","2","4","A","4","O","642183.791","6074278.486"
"24A-4.I","2","4","A","4","I","642184.016","6074278.711"
"24A-4.S","2","4","A","4","S","642184.016","6074278.486"
"24A-4.W","2","4","A","4","W","642183.791","6074278.711"
"24B-1.O","2","4","B","1","O","642183.917","6074275.508"
"24B-1.I","2","4","B","1","I","642184.006","6074275.596"
"24B-1.S","2","4","B","1","S","642184.006","6074275.508"
"24B-1.W","2","4","B","1","W","642183.917","6074275.596"
"24B-2.O","2","4","B","2","O","642184.524","6074275.440"
"24B-2.I","2","4","B","2","I","642184.299","6074275.665"
"24B-2.S","2","4","B","2","S","642184.299","6074275.440"
"24B-2.E","2","4","B","2","E","642184.524","6074275.665"
"24B-3.O","2","4","B","3","O","642183.849","6074276.115"
"24B-3.I","2","4","B","3","I","642184.074","6074275.890"
"24B-3.N","2","4","B","3","N","642184.074","6074276.115"
"24B-3.W","2","4","B","3","W","642183.849","6074275.890"
"24B-4.O","2","4","B","4","O","642184.524","6074276.115"
"24B-4.I","2","4","B","4","I","642184.299","6074275.890"
"24B-4.N","2","4","B","4","N","642184.299","6074276.115"
"24B-4.E","2","4","B","4","E","642184.524","6074275.890"
"24C-1.O","2","4","C","1","O","642185.232","6074276.970"
"24C-1.I","2","4","C","1","I","642185.321","6074277.058"
"24C-1.S","2","4","C","1","S","642185.321","6074276.970"
"24C-1.W","2","4","C","1","W","642185.232","6074277.058"
"24C-2.O","2","4","C","2","O","642185.839","6074277.577"
"24C-2.I","2","4","C","2","I","642185.614","6074277.352"
"24C-2.N","2","4","C","2","N","642185.614","6074277.577"
"24C-2.E","2","4","C","2","E","642185.839","6074277.352"
"24C-3.O","2","4","C","3","O","642185.164","6074277.577"
"24C-3.I","2","4","C","3","I","642185.389","6074277.352"
"24C-3.N","2","4","C","3","N","642185.389","6074277.577"
"24C-3.W","2","4","C","3","W","642185.164","6074277.352"
"24C-4.O","2","4","C","4","O","642185.839","6074276.902"
"24C-4.I","2","4","C","4","I","642185.614","6074277.127"
"24C-4.S","2","4","C","4","S","642185.614","6074276.902"
"24C-4.E","2","4","C","4","E","642185.839","6074277.127"
"34A-1.O","3","4","A","1","O","642177.022","6074277.719"
"34A-1.I","3","4","A","1","I","642176.934","6074277.807"
"34A-1.S","3","4","A","1","S","642176.934","6074277.719"
"34A-1.E","3","4","A","1","E","642177.022","6074277.807"
"34A-2.O","3","4","A","2","O","642176.415","6074277.650"
"34A-2.I","3","4","A","2","I","642176.640","6074277.875"
"34A-2.S","3","4","A","2","S","642176.640","6074277.650"
"34A-2.W","3","4","A","2","W","642176.415","6074277.875"
"34A-3.O","3","4","A","3","O","642176.415","6074278.325"
"34A-3.I","3","4","A","3","I","642176.640","6074278.100"
"34A-3.N","3","4","A","3","N","642176.640","6074278.325"
"34A-3.W","3","4","A","3","W","642176.415","6074278.100"
"34A-4.O","3","4","A","4","O","642177.090","6074278.325"
"34A-4.I","3","4","A","4","I","642176.865","6074278.100"
"34A-4.N","3","4","A","4","N","642176.865","6074278.325"
"34A-4.E","3","4","A","4","E","642177.090","6074278.100"
"34B-1.O","3","4","B","1","O","642178.400","6074279.392"
"34B-1.I","3","4","B","1","I","642178.311","6074279.304"
"34B-1.N","3","4","B","1","N","642178.311","6074279.392"
"34B-1.E","3","4","B","1","E","642178.400","6074279.304"
"34B-2.O","3","4","B","2","O","642177.793","6074279.461"
"34B-2.I","3","4","B","2","I","642178.018","6074279.236"
"34B-2.N","3","4","B","2","N","642178.018","6074279.461"
"34B-2.W","3","4","B","2","W","642177.793","6074279.236"
"34B-3.O","3","4","B","3","O","642177.793","6074278.786"
"34B-3.I","3","4","B","3","I","642178.018","6074279.011"
"34B-3.S","3","4","B","3","S","642178.018","6074278.786"
"34B-3.W","3","4","B","3","W","642177.793","6074279.011"
"34B-4.O","3","4","B","4","O","642178.468","6074278.786"
"34B-4.I","3","4","B","4","I","642178.243","6074279.011"
"34B-4.S","3","4","B","4","S","642178.243","6074278.786"
"34B-4.E","3","4","B","4","E","642178.468","6074279.011"
"34C-1.O","3","4","C","1","O","642176.704","6074280.771"
"34C-1.I","3","4","C","1","I","642176.793","6074280.683"
"34C-1.N","3","4","C","1","N","642176.793","6074280.771"
"34C-1.W","3","4","C","1","W","642176.704","6074280.683"
"34C-2.O","3","4","C","2","O","642177.311","6074280.164"
"34C-2.I","3","4","C","2","I","642177.086","6074280.389"
"34C-2.S","3","4","C","2","S","642177.086","6074280.164"
"34C-2.E","3","4","C","2","E","642177.311","6074280.389"
"34C-3.O","3","4","C","3","O","642176.636","6074280.164"
"34C-3.I","3","4","C","3","I","642176.861","6074280.389"
"34C-3.S","3","4","C","3","S","642176.861","6074280.164"
"34C-3.W","3","4","C","3","W","642176.636","6074280.389"
"34C-4.O","3","4","C","4","O","642177.311","6074280.839"
"34C-4.I","3","4","C","4","I","642177.086","6074280.614"
"34C-4.N","3","4","C","4","N","642177.086","6074280.839"
"34C-4.E","3","4","C","4","E","642177.311","6074280.614"
"44A-1.O","4","4","A","1","O","642178.437","6074284.593"
"44A-1.I","4","4","A","1","I","642178.348","6074284.682"
"44A-1.S","4","4","A","1","S","642178.348","6074284.593"
"44A-1.E","4","4","A","1","E","642178.437","6074284.682"
"44A-2.O","4","4","A","2","O","642178.505","6074285.200"
"44A-2.I","4","4","A","2","I","642178.280","6074284.975"
"44A-2.N","4","4","A","2","N","642178.280","6074285.200"
"44A-2.E","4","4","A","2","E","642178.505","6074284.975"
"44A-3.O","4","4","A","3","O","642177.830","6074285.200"
"44A-3.I","4","4","A","3","I","642178.055","6074284.975"
"44A-3.N","4","4","A","3","N","642178.055","6074285.200"
"44A-3.W","4","4","A","3","W","642177.830","6074284.975"
"44A-4.O","4","4","A","4","O","642177.830","6074284.525"
"44A-4.I","4","4","A","4","I","642178.055","6074284.750"
"44A-4.S","4","4","A","4","S","642178.055","6074284.525"
"44A-4.W","4","4","A","4","W","642177.830","6074284.750"
"44B-1.O","4","4","B","1","O","642178.975","6074286.919"
"44B-1.I","4","4","B","1","I","642178.886","6074286.830"
"44B-1.N","4","4","B","1","N","642178.886","6074286.919"
"44B-1.E","4","4","B","1","E","642178.975","6074286.830"
"44B-2.O","4","4","B","2","O","642178.368","6074286.312"
"44B-2.I","4","4","B","2","I","642178.593","6074286.537"
"44B-2.S","4","4","B","2","S","642178.593","6074286.312"
"44B-2.W","4","4","B","2","W","642178.368","6074286.537"
"44B-3.O","4","4","B","3","O","642178.368","6074286.987"
"44B-3.I","4","4","B","3","I","642178.593","6074286.762"
"44B-3.N","4","4","B","3","N","642178.593","6074286.987"
"44B-3.W","4","4","B","3","W","642178.368","6074286.762"
"44B-4.O","4","4","B","4","O","642179.043","6074286.312"
"44B-4.I","4","4","B","4","I","642178.818","6074286.537"
"44B-4.S","4","4","B","4","S","642178.818","6074286.312"
"44B-4.E","4","4","B","4","E","642179.043","6074286.537"
"44C-1.O","4","4","C","1","O","642178.408","6074287.915"
"44C-1.I","4","4","C","1","I","642178.497","6074288.003"
"44C-1.S","4","4","C","1","S","642178.497","6074287.915"
"44C-1.W","4","4","C","1","W","642178.408","6074288.003"
"44C-2.O","4","4","C","2","O","642179.015","6074287.846"
"44C-2.I","4","4","C","2","I","642178.790","6074288.071"
"44C-2.S","4","4","C","2","S","642178.790","6074287.846"
"44C-2.E","4","4","C","2","E","642179.015","6074288.071"
"44C-3.O","4","4","C","3","O","642178.340","6074288.521"
"44C-3.I","4","4","C","3","I","642178.565","6074288.296"
"44C-3.N","4","4","C","3","N","642178.565","6074288.521"
"44C-3.W","4","4","C","3","W","642178.340","6074288.296"
"44C-4.O","4","4","C","4","O","642179.015","6074288.521"
"44C-4.I","4","4","C","4","I","642178.790","6074288.296"
"44C-4.N","4","4","C","4","N","642178.790","6074288.521"
"44C-4.E","4","4","C","4","E","642179.015","6074288.296"
"54A-1.O","5","4","A","1","O","642173.971","6074303.973"
"54A-1.I","5","4","A","1","I","642174.060","6074304.061"
"54A-1.S","5","4","A","1","S","642174.060","6074303.973"
"54A-1.W","5","4","A","1","W","642173.971","6074304.061"
"54A-2.O","5","4","A","2","O","642173.903","6074304.580"
"54A-2.I","5","4","A","2","I","642174.128","6074304.355"
"54A-2.N","5","4","A","2","N","642174.128","6074304.580"
"54A-2.W","5","4","A","2","W","642173.903","6074304.355"
"54A-3.O","5","4","A","3","O","642174.578","6074303.905"
"54A-3.I","5","4","A","3","I","642174.353","6074304.130"
"54A-3.S","5","4","A","3","S","642174.353","6074303.905"
"54A-3.E","5","4","A","3","E","642174.578","6074304.130"
"54A-4.O","5","4","A","4","O","642174.578","6074304.580"
"54A-4.I","5","4","A","4","I","642174.353","6074304.355"
"54A-4.N","5","4","A","4","N","642174.353","6074304.580"
"54A-4.E","5","4","A","4","E","642174.578","6074304.355"
"54B-1.O","5","4","B","1","O","642172.580","6074304.891"
"54B-1.I","5","4","B","1","I","642172.669","6074304.980"
"54B-1.S","5","4","B","1","S","642172.669","6074304.891"
"54B-1.W","5","4","B","1","W","642172.580","6074304.980"
"54B-2.O","5","4","B","2","O","642172.512","6074305.498"
"54B-2.I","5","4","B","2","I","642172.737","6074305.273"
"54B-2.N","5","4","B","2","N","642172.737","6074305.498"
"54B-2.W","5","4","B","2","W","642172.512","6074305.273"
"54B-3.O","5","4","B","3","O","642173.187","6074305.498"
"54B-3.I","5","4","B","3","I","642172.962","6074305.273"
"54B-3.N","5","4","B","3","N","642172.962","6074305.498"
"54B-3.E","5","4","B","3","E","642173.187","6074305.273"
"54B-4.O","5","4","B","4","O","642173.187","6074304.823"
"54B-4.I","5","4","B","4","I","642172.962","6074305.048"
"54B-4.S","5","4","B","4","S","642172.962","6074304.823"
"54B-4.E","5","4","B","4","E","642173.187","6074305.048"
"54C-1.O","5","4","C","1","O","642175.438","6074304.252"
"54C-1.I","5","4","C","1","I","642175.526","6074304.341"
"54C-1.S","5","4","C","1","S","642175.526","6074304.252"
"54C-1.W","5","4","C","1","W","642175.438","6074304.341"
"54C-2.O","5","4","C","2","O","642175.369","6074304.859"
"54C-2.I","5","4","C","2","I","642175.594","6074304.634"
"54C-2.N","5","4","C","2","N","642175.594","6074304.859"
"54C-2.W","5","4","C","2","W","642175.369","6074304.634"
"54C-3.O","5","4","C","3","O","642176.044","6074304.859"
"54C-3.I","5","4","C","3","I","642175.819","6074304.634"
"54C-3.N","5","4","C","3","N","642175.819","6074304.859"
"54C-3.E","5","4","C","3","E","642176.044","6074304.634"
"54C-4.O","5","4","C","4","O","642176.044","6074304.184"
"54C-4.I","5","4","C","4","I","642175.819","6074304.409"
"54C-4.S","5","4","C","4","S","642175.819","6074304.184"
"54C-4.E","5","4","C","4","E","642176.044","6074304.409"
"64A-1.O","6","4","A","1","O","642196.786","6074383.247"
"64A-1.I","6","4","A","1","I","642196.697","6074383.335"
"64A-1.S","6","4","A","1","S","642196.697","6074383.247"
"64A-1.E","6","4","A","1","E","642196.786","6074383.335"
"64A-2.O","6","4","A","2","O","642196.179","6074383.179"
"64A-2.I","6","4","A","2","I","642196.404","6074383.404"
"64A-2.S","6","4","A","2","S","642196.404","6074383.179"
"64A-2.W","6","4","A","2","W","642196.179","6074383.404"
"64A-3.O","6","4","A","3","O","642196.854","6074383.854"
"64A-3.I","6","4","A","3","I","642196.629","6074383.629"
"64A-3.N","6","4","A","3","N","642196.629","6074383.854"
"64A-3.E","6","4","A","3","E","642196.854","6074383.629"
"64A-4.O","6","4","A","4","O","642196.179","6074383.854"
"64A-4.I","6","4","A","4","I","642196.404","6074383.629"
"64A-4.N","6","4","A","4","N","642196.404","6074383.854"
"64A-4.W","6","4","A","4","W","642196.179","6074383.629"
"64B-1.O","6","4","B","1","O","642194.798","6074384.274"
"64B-1.I","6","4","B","1","I","642194.887","6074384.363"
"64B-1.S","6","4","B","1","S","642194.887","6074384.274"
"64B-1.W","6","4","B","1","W","642194.798","6074384.363"
"64B-2.O","6","4","B","2","O","642195.405","6074384.206"
"64B-2.I","6","4","B","2","I","642195.180","6074384.431"
"64B-2.S","6","4","B","2","S","642195.180","6074384.206"
"64B-2.E","6","4","B","2","E","642195.405","6074384.431"
"64B-3.O","6","4","B","3","O","642194.730","6074384.881"
"64B-3.I","6","4","B","3","I","642194.955","6074384.656"
"64B-3.N","6","4","B","3","N","642194.955","6074384.881"
"64B-3.W","6","4","B","3","W","642194.730","6074384.656"
"64B-4.O","6","4","B","4","O","642195.405","6074384.881"
"64B-4.I","6","4","B","4","I","642195.180","6074384.656"
"64B-4.N","6","4","B","4","N","642195.180","6074384.881"
"64B-4.E","6","4","B","4","E","642195.405","6074384.656"
"64C-1.O","6","4","C","1","O","642194.950","6074381.226"
"64C-1.I","6","4","C","1","I","642194.862","6074381.315"
"64C-1.S","6","4","C","1","S","642194.862","6074381.226"
"64C-1.E","6","4","C","1","E","642194.950","6074381.315"
"64C-2.O","6","4","C","2","O","642195.018","6074381.833"
"64C-2.I","6","4","C","2","I","642194.793","6074381.608"
"64C-2.N","6","4","C","2","N","642194.793","6074381.833"
"64C-2.E","6","4","C","2","E","642195.018","6074381.608"
"64C-3.O","6","4","C","3","O","642194.343","6074381.833"
"64C-3.I","6","4","C","3","I","642194.568","6074381.608"
"64C-3.N","6","4","C","3","N","642194.568","6074381.833"
"64C-3.W","6","4","C","3","W","642194.343","6074381.608"
"64C-4.O","6","4","C","4","O","642194.343","6074381.158"
"64C-4.I","6","4","C","4","I","642194.568","6074381.383"
"64C-4.S","6","4","C","4","S","642194.568","6074381.158"
"64C-4.W","6","4","C","4","W","642194.343","6074381.383"
"74A-1.O","7","4","A","1","O","642098.269","6074232.731"
"74A-1.I","7","4","A","1","I","642098.181","6074232.819"
"74A-1.S","7","4","A","1","S","642098.181","6074232.731"
"74A-1.E","7","4","A","1","E","642098.269","6074232.819"
"74A-2.O","7","4","A","2","O","642098.338","6074233.338"
"74A-2.I","7","4","A","2","I","642098.113","6074233.112"
"74A-2.N","7","4","A","2","N","642098.113","6074233.338"
"74A-2.E","7","4","A","2","E","642098.338","6074233.112"
"74A-3.O","7","4","A","3","O","642097.663","6074232.662"
"74A-3.I","7","4","A","3","I","642097.888","6074232.888"
"74A-3.S","7","4","A","3","S","642097.888","6074232.662"
"74A-3.W","7","4","A","3","W","642097.663","6074232.888"
"74A-4.O","7","4","A","4","O","642097.663","6074233.338"
"74A-4.I","7","4","A","4","I","642097.888","6074233.112"
"74A-4.N","7","4","A","4","N","642097.888","6074233.338"
"74A-4.W","7","4","A","4","W","642097.663","6074233.112"
"74B-1.O","7","4","B","1","O","642101.971","6074231.570"
"74B-1.I","7","4","B","1","I","642102.059","6074231.658"
"74B-1.S","7","4","B","1","S","642102.059","6074231.570"
"74B-1.W","7","4","B","1","W","642101.971","6074231.658"
"74B-2.O","7","4","B","2","O","642101.902","6074232.176"
"74B-2.I","7","4","B","2","I","642102.127","6074231.951"
"74B-2.N","7","4","B","2","N","642102.127","6074232.176"
"74B-2.W","7","4","B","2","W","642101.902","6074231.951"
"74B-3.O","7","4","B","3","O","642102.577","6074231.501"
"74B-3.I","7","4","B","3","I","642102.352","6074231.726"
"74B-3.S","7","4","B","3","S","642102.352","6074231.501"
"74B-3.E","7","4","B","3","E","642102.577","6074231.726"
"74B-4.O","7","4","B","4","O","642102.577","6074232.176"
"74B-4.I","7","4","B","4","I","642102.352","6074231.951"
"74B-4.N","7","4","B","4","N","642102.352","6074232.176"
"74B-4.E","7","4","B","4","E","642102.577","6074231.951"
"74C-1.O","7","4","C","1","O","642099.428","6074230.732"
"74C-1.I","7","4","C","1","I","642099.516","6074230.820"
"74C-1.S","7","4","C","1","S","642099.516","6074230.732"
"74C-1.W","7","4","C","1","W","642099.428","6074230.820"
"74C-2.O","7","4","C","2","O","642099.359","6074231.339"
"74C-2.I","7","4","C","2","I","642099.584","6074231.114"
"74C-2.N","7","4","C","2","N","642099.584","6074231.339"
"74C-2.W","7","4","C","2","W","642099.359","6074231.114"
"74C-3.O","7","4","C","3","O","642100.034","6074230.664"
"74C-3.I","7","4","C","3","I","642099.809","6074230.889"
"74C-3.S","7","4","C","3","S","642099.809","6074230.664"
"74C-3.E","7","4","C","3","E","642100.034","6074230.889"
"74C-4.O","7","4","C","4","O","642100.034","6074231.339"
"74C-4.I","7","4","C","4","I","642099.809","6074231.114"
"74C-4.N","7","4","C","4","N","642099.809","6074231.339"
"74C-4.E","7","4","C","4","E","642100.034","6074231.114"
"84A-1.O","8","4","A","1","O","642114.875","6074293.360"
"84A-1.I","8","4","A","1","I","642114.963","6074293.449"
"84A-1.S","8","4","A","1","S","642114.963","6074293.360"
"84A-1.W","8","4","A","1","W","642114.875","6074293.449"
"84A-2.O","8","4","A","2","O","642115.481","6074293.967"
"84A-2.I","8","4","A","2","I","642115.256","6074293.742"
"84A-2.N","8","4","A","2","N","642115.256","6074293.967"
"84A-2.E","8","4","A","2","E","642115.481","6074293.742"
"84A-3.O","8","4","A","3","O","642114.806","6074293.967"
"84A-3.I","8","4","A","3","I","642115.031","6074293.742"
"84A-3.N","8","4","A","3","N","642115.031","6074293.967"
"84A-3.W","8","4","A","3","W","642114.806","6074293.742"
"84A-4.O","8","4","A","4","O","642115.481","6074293.292"
"84A-4.I","8","4","A","4","I","642115.256","6074293.517"
"84A-4.S","8","4","A","4","S","642115.256","6074293.292"
"84A-4.E","8","4","A","4","E","642115.481","6074293.517"
"84B-1.O","8","4","B","1","O","642119.088","6074294.633"
"84B-1.I","8","4","B","1","I","642118.999","6074294.721"
"84B-1.S","8","4","B","1","S","642118.999","6074294.633"
"84B-1.E","8","4","B","1","E","642119.088","6074294.721"
"84B-2.O","8","4","B","2","O","642118.481","6074295.239"
"84B-2.I","8","4","B","2","I","642118.706","6074295.014"
"84B-2.N","8","4","B","2","N","642118.706","6074295.239"
"84B-2.W","8","4","B","2","W","642118.481","6074295.014"
"84B-3.O","8","4","B","3","O","642118.481","6074294.564"
"84B-3.I","8","4","B","3","I","642118.706","6074294.789"
"84B-3.S","8","4","B","3","S","642118.706","6074294.564"
"84B-3.W","8","4","B","3","W","642118.481","6074294.789"
"84B-4.O","8","4","B","4","O","642119.156","6074295.239"
"84B-4.I","8","4","B","4","I","642118.931","6074295.014"
"84B-4.N","8","4","B","4","N","642118.931","6074295.239"
"84B-4.E","8","4","B","4","E","642119.156","6074295.014"
"84C-1.O","8","4","C","1","O","642116.347","6074294.188"
"84C-1.I","8","4","C","1","I","642116.436","6074294.099"
"84C-1.N","8","4","C","1","N","642116.436","6074294.188"
"84C-1.W","8","4","C","1","W","642116.347","6074294.099"
"84C-2.O","8","4","C","2","O","642116.279","6074293.581"
"84C-2.I","8","4","C","2","I","642116.504","6074293.806"
"84C-2.S","8","4","C","2","S","642116.504","6074293.581"
"84C-2.W","8","4","C","2","W","642116.279","6074293.806"
"84C-3.O","8","4","C","3","O","642116.954","6074294.256"
"84C-3.I","8","4","C","3","I","642116.729","6074294.031"
"84C-3.N","8","4","C","3","N","642116.729","6074294.256"
"84C-3.E","8","4","C","3","E","642116.954","6074294.031"
"84C-4.O","8","4","C","4","O","642116.954","6074293.581"
"84C-4.I","8","4","C","4","I","642116.729","6074293.806"
"84C-4.S","8","4","C","4","S","642116.729","6074293.581"
"84C-4.E","8","4","C","4","E","642116.954","6074293.806"
