"SampleID","Block","Time","Chamber","Plot","Frag","Pos","grow01","grow12","grow23"
"13A-1.0","1","3","A","13A","1","0",NA,3.06,5.08
"13A-1.1","1","3","A","13A","1","1",NA,-0.48,3
"13A-1.N","1","3","A","13A","1","N",NA,2.99,3.96
"13A-2.0","1","3","A","13A","2","0",NA,5.41,1.47
"13A-2.1","1","3","A","13A","2","1",NA,-0.16,1.23
"13A-2.W","1","3","A","13A","2","W",NA,6.62,4.56
"13A-2.c","1","3","A","13A","2","c",NA,-2.17,1.06
"13A-3.0","1","3","A","13A","3","0",NA,5.54,4.6
"13A-3.1","1","3","A","13A","3","1",NA,3.86,3.71
"13A-3.S","1","3","A","13A","3","S",NA,2.79,5.37
"13A-3.c","1","3","A","13A","3","c",NA,5.62,4.39
"13A-4.0","1","3","A","13A","4","0",NA,3.38,3.23
"13A-4.1","1","3","A","13A","4","1",NA,7.69,6.96
"13A-4.E","1","3","A","13A","4","E",NA,4.2,4.35
"13B-1.0","1","3","B","13B","1","0",NA,3.9,0.64
"13B-1.1","1","3","B","13B","1","1",NA,4.91,2.87
"13B-1.S","1","3","B","13B","1","S",NA,5.28,4.34
"13B-2.0","1","3","B","13B","2","0",NA,3.95,4.45
"13B-2.1","1","3","B","13B","2","1",NA,8.17,1.66
"13B-2.E","1","3","B","13B","2","E",NA,4.09,-2.24
"13B-2.c","1","3","B","13B","2","c",NA,6.83,5.38
"13B-3.0","1","3","B","13B","3","0",NA,1.59,0.62
"13B-3.1","1","3","B","13B","3","1",NA,NA,NA
"13B-3.N","1","3","B","13B","3","N",NA,3.36,1.72
"13B-3.c","1","3","B","13B","3","c",NA,-0.24,-0.34
"13B-4.0","1","3","B","13B","4","0",NA,0.12,3.26
"13B-4.1","1","3","B","13B","4","1",NA,4.02,3.82
"13B-4.W","1","3","B","13B","4","W",NA,5.22,3.42
"13C-1.0","1","3","C","13C","1","0",NA,0.69,-0.1
"13C-1.1","1","3","C","13C","1","1",NA,0.92,3.61
"13C-1.W","1","3","C","13C","1","W",NA,0.78,1.14
"13C-2.0","1","3","C","13C","2","0",NA,1.14,-0.74
"13C-2.1","1","3","C","13C","2","1",NA,4.63,6.74
"13C-2.N","1","3","C","13C","2","N",NA,3.38,-1.05
"13C-2.c","1","3","C","13C","2","c",NA,3.43,2.76
"13C-3.0","1","3","C","13C","3","0",NA,1.64,-1.85
"13C-3.1","1","3","C","13C","3","1",NA,5.13,3.4
"13C-3.S","1","3","C","13C","3","S",NA,4.99,3.33
"13C-3.c","1","3","C","13C","3","c",NA,6.15,4.82
"13C-4.0","1","3","C","13C","4","0",NA,0.22,-0.59
"13C-4.1","1","3","C","13C","4","1",NA,2.39,-1.15
"13C-4.E","1","3","C","13C","4","E",NA,4.53,-2.03
"14A-1.0","1","4","A","14A","1","0",7.9,2.27,6.7
"14A-1.1","1","4","A","14A","1","1",5.84,0.89,1.98
"14A-1.N","1","4","A","14A","1","N",6.13,4.55,5.03
"14A-1.W","1","4","A","14A","1","W",8.69,3.99,3.45
"14A-2.0","1","4","A","14A","2","0",2.14,NA,1.67
"14A-2.1","1","4","A","14A","2","1",8.49,2.49,2.45
"14A-2.S","1","4","A","14A","2","S",NA,2.04,6.15
"14A-2.c","1","4","A","14A","2","c",5.23,3.36,4.51
"14A-2.c2","1","4","A","14A","2","c2",NA,2.46,3.75
"14A-3.0","1","4","A","14A","3","0",1.47,0.41,-0.66
"14A-3.1","1","4","A","14A","3","1",7.97,6.09,3
"14A-3.E","1","4","A","14A","3","E",NA,-0.39,2.67
"14A-3.c","1","4","A","14A","3","c",7.99,NA,-2.01
"14A-3.c2","1","4","A","14A","3","c2",NA,3.65,5.5
"14A-4.0","1","4","A","14A","4","0",10.11,4.49,8.33
"14A-4.1","1","4","A","14A","4","1",7.09,1.97,5.75
"14A-4.N","1","4","A","14A","4","N",6.22,0.4,8.5
"14A-E.0","1","4","A","14A","E","0",NA,4.64,-2
"14A-E.1","1","4","A","14A","E","1",NA,1.59,-0.35
"14A-N.0","1","4","A","14A","N","0",NA,2.91,4.97
"14A-N.1","1","4","A","14A","N","1",NA,4.23,-0.56
"14A-S.0","1","4","A","14A","S","0",NA,1.55,4.99
"14A-S.1","1","4","A","14A","S","1",NA,1.88,3.94
"14A-W.0","1","4","A","14A","W","0",NA,4.68,5.12
"14A-W.1","1","4","A","14A","W","1",NA,2.01,6.41
"14B-1.0","1","4","B","14B","1","0",2.04,3.31,0.55
"14B-1.1","1","4","B","14B","1","1",7.03,6.69,5.15
"14B-1.S","1","4","B","14B","1","S",3.31,2.47,1.99
"14B-2.0","1","4","B","14B","2","0",6.41,4.26,-0.53
"14B-2.1","1","4","B","14B","2","1",6.94,6.7,-5.53
"14B-2.W","1","4","B","14B","2","W",NA,2.06,4.57
"14B-2.c","1","4","B","14B","2","c",2.29,3.62,2.74
"14B-2.c2","1","4","B","14B","2","c2",NA,5,2.18
"14B-3.0","1","4","B","14B","3","0",2.79,4.64,-0.08
"14B-3.1","1","4","B","14B","3","1",3.83,5.47,3.42
"14B-3.E","1","4","B","14B","3","E",NA,4.53,5.83
"14B-3.c","1","4","B","14B","3","c",2.11,-0.72,-0.28
"14B-3.c2","1","4","B","14B","3","c2",NA,6.06,6.36
"14B-4.0","1","4","B","14B","4","0",5.31,5.33,5.1
"14B-4.1","1","4","B","14B","4","1",9.23,5.07,2.18
"14B-4.N","1","4","B","14B","4","N",3.44,-0.75,5.6
"14B-E.0","1","4","B","14B","E","0",NA,3.64,6.97
"14B-E.1","1","4","B","14B","E","1",NA,2.97,6.14
"14B-N.0","1","4","B","14B","N","0",NA,-3.02,4.27
"14B-N.1","1","4","B","14B","N","1",NA,2.74,5.48
"14B-S.0","1","4","B","14B","S","0",NA,4.99,8.59
"14B-S.1","1","4","B","14B","S","1",NA,1.44,3.22
"14B-W.0","1","4","B","14B","W","0",NA,2.76,5.66
"14B-W.1","1","4","B","14B","W","1",NA,2.25,6.02
"14C-1.0","1","4","C","14C","1","0",1.26,-1.65,-0.05
"14C-1.1","1","4","C","14C","1","1",-2.95,2.46,-0.76
"14C-1.N","1","4","C","14C","1","N",2.58,-0.29,-1.29
"14C-2.0","1","4","C","14C","2","0",3.23,-3.82,2.01
"14C-2.1","1","4","C","14C","2","1",7.07,2.98,2.83
"14C-2.W","1","4","C","14C","2","W",NA,1.32,2.51
"14C-2.c","1","4","C","14C","2","c",0.69,-2.05,0.5
"14C-2.c2","1","4","C","14C","2","c2",NA,3.37,2.87
"14C-3.0","1","4","C","14C","3","0",0.48,-2.34,0.91
"14C-3.1","1","4","C","14C","3","1",12.97,7.58,7.25
"14C-3.S","1","4","C","14C","3","S",NA,4.18,3.64
"14C-3.c","1","4","C","14C","3","c",6.36,3.87,6.89
"14C-3.c2","1","4","C","14C","3","c2",NA,0.46,-0.64
"14C-4.0","1","4","C","14C","4","0",7.12,-6.05,-0.07
"14C-4.1","1","4","C","14C","4","1",1.01,7.52,3.57
"14C-4.S","1","4","C","14C","4","S",4.65,1.74,2.58
"14C-E.0","1","4","C","14C","E","0",NA,0.38,3.7
"14C-E.1","1","4","C","14C","E","1",NA,5.15,10.92
"14C-N.0","1","4","C","14C","N","0",NA,5.37,7.32
"14C-N.1","1","4","C","14C","N","1",NA,2.22,5.15
"14C-S.0","1","4","C","14C","S","0",NA,3.59,-1.76
"14C-S.1","1","4","C","14C","S","1",NA,2.99,6.14
"14C-W.0","1","4","C","14C","W","0",NA,2.47,3.93
"14C-W.1","1","4","C","14C","W","1",NA,-1.41,0.88
"23A-1.0","2","3","A","23A","1","0",NA,8.53,NA
"23A-1.1","2","3","A","23A","1","1",NA,9.74,5.15
"23A-1.W","2","3","A","23A","1","W",NA,4.56,6.78
"23A-2.0","2","3","A","23A","2","0",NA,6.74,-0.44
"23A-2.1","2","3","A","23A","2","1",NA,5.26,8.3
"23A-2.N","2","3","A","23A","2","N",NA,4.86,5.03
"23A-2.c","2","3","A","23A","2","c",NA,6.41,6.29
"23A-3.0","2","3","A","23A","3","0",NA,1.05,-0.99
"23A-3.1","2","3","A","23A","3","1",NA,2.35,2.08
"23A-3.E","2","3","A","23A","3","E",NA,3.86,2.33
"23A-3.c","2","3","A","23A","3","c",NA,3.16,-0.02
"23A-4.0","2","3","A","23A","4","0",NA,3.81,0.52
"23A-4.1","2","3","A","23A","4","1",NA,5.86,4.6
"23A-4.S","2","3","A","23A","4","S",NA,5.92,7.79
"23B-1.0","2","3","B","23B","1","0",NA,5.96,7.09
"23B-1.1","2","3","B","23B","1","1",NA,0.67,0.29
"23B-1.N","2","3","B","23B","1","N",NA,1.96,0.42
"23B-2.0","2","3","B","23B","2","0",NA,2.6,5.51
"23B-2.1","2","3","B","23B","2","1",NA,6.49,4.39
"23B-2.S","2","3","B","23B","2","S",NA,5.13,1.35
"23B-2.c","2","3","B","23B","2","c",NA,4.77,4.26
"23B-3.0","2","3","B","23B","3","0",NA,NA,NA
"23B-3.1","2","3","B","23B","3","1",NA,9.05,6.43
"23B-3.E","2","3","B","23B","3","E",NA,4.44,-1.86
"23B-3.c","2","3","B","23B","3","c",NA,5.54,0.17
"23B-4.0","2","3","B","23B","4","0",NA,2.39,0.47
"23B-4.1","2","3","B","23B","4","1",NA,5.5,5.86
"23B-4.W","2","3","B","23B","4","W",NA,3.07,2.3
"23C-1.0","2","3","C","23C","1","0",NA,1.38,-2.61
"23C-1.1","2","3","C","23C","1","1",NA,1.07,0.69
"23C-1.W","2","3","C","23C","1","W",NA,-1.3,-1.09
"23C-2.0","2","3","C","23C","2","0",NA,0.27,-0.74
"23C-2.1","2","3","C","23C","2","1",NA,4.34,4.68
"23C-2.N","2","3","C","23C","2","N",NA,2.35,-0.95
"23C-2.c","2","3","C","23C","2","c",NA,2.93,0.13
"23C-3.0","2","3","C","23C","3","0",NA,1.52,-1.33
"23C-3.1","2","3","C","23C","3","1",NA,3.96,3.91
"23C-3.S","2","3","C","23C","3","S",NA,3.69,4.99
"23C-3.c","2","3","C","23C","3","c",NA,2.75,4.54
"23C-4.0","2","3","C","23C","4","0",NA,2.92,-2.26
"23C-4.1","2","3","C","23C","4","1",NA,4.55,5.58
"23C-4.E","2","3","C","23C","4","E",NA,4.42,4.59
"24A-1.0","2","4","A","24A","1","0",8.28,NA,0.48
"24A-1.1","2","4","A","24A","1","1",3.78,5.82,2.17
"24A-1.W","2","4","A","24A","1","W",-0.21,7.04,5.1
"24A-2.0","2","4","A","24A","2","0",7.57,3.08,0.67
"24A-2.1","2","4","A","24A","2","1",7.44,5.43,3.08
"24A-2.E","2","4","A","24A","2","E",NA,3.58,4.26
"24A-2.c","2","4","A","24A","2","c",8.55,3.32,5.19
"24A-2.c2","2","4","A","24A","2","c2",NA,3.4,2.39
"24A-3.0","2","4","A","24A","3","0",9.37,11.33,3.88
"24A-3.1","2","4","A","24A","3","1",9.68,6.21,3.63
"24A-3.N","2","4","A","24A","3","N",NA,2.26,5.87
"24A-3.c","2","4","A","24A","3","c",7.11,3.57,4.76
"24A-3.c2","2","4","A","24A","3","c2",NA,NA,-0.61
"24A-4.0","2","4","A","24A","4","0",9.26,0.62,6.82
"24A-4.1","2","4","A","24A","4","1",8,13.95,2.5
"24A-4.S","2","4","A","24A","4","S",4.49,NA,0.79
"24A-E.0","2","4","A","24A","E","0",NA,1.48,3.28
"24A-E.1","2","4","A","24A","E","1",NA,3.05,1.06
"24A-N.0","2","4","A","24A","N","0",NA,2.33,4.34
"24A-N.1","2","4","A","24A","N","1",NA,2.3,2.62
"24A-S.0","2","4","A","24A","S","0",NA,2.38,2.47
"24A-S.1","2","4","A","24A","S","1",NA,2.15,1.86
"24A-W.0","2","4","A","24A","W","0",NA,2.45,2.77
"24A-W.1","2","4","A","24A","W","1",NA,1.75,6.6
"24B-1.0","2","4","B","24B","1","0",3.27,0.08,-1.41
"24B-1.1","2","4","B","24B","1","1",5.67,NA,-2.37
"24B-1.W","2","4","B","24B","1","W",9.55,2.97,3.89
"24B-2.0","2","4","B","24B","2","0",2.43,3.59,-1.84
"24B-2.1","2","4","B","24B","2","1",3.81,6.59,3.71
"24B-2.S","2","4","B","24B","2","S",NA,3.52,-2.89
"24B-2.c","2","4","B","24B","2","c",5.68,NA,0.58
"24B-2.c2","2","4","B","24B","2","c2",NA,1.73,-1.04
"24B-3.0","2","4","B","24B","3","0",3.45,1.09,-0.27
"24B-3.1","2","4","B","24B","3","1",4.37,8.06,-2.5
"24B-3.N","2","4","B","24B","3","N",NA,3.61,-0.31
"24B-3.c","2","4","B","24B","3","c",6.65,2.54,-0.31
"24B-3.c2","2","4","B","24B","3","c2",NA,3.63,2.38
"24B-4.0","2","4","B","24B","4","0",4.57,3.11,1.03
"24B-4.1","2","4","B","24B","4","1",4.81,1.55,4.16
"24B-4.N","2","4","B","24B","4","N",6.56,5.66,2.62
"24B-E.0","2","4","B","24B","E","0",NA,4.15,0.91
"24B-E.1","2","4","B","24B","E","1",NA,3.52,3.78
"24B-N.0","2","4","B","24B","N","0",NA,1.41,2.2
"24B-N.1","2","4","B","24B","N","1",NA,3.53,3.94
"24B-S.0","2","4","B","24B","S","0",NA,3.88,0.78
"24B-S.1","2","4","B","24B","S","1",NA,2.71,5.89
"24B-W.0","2","4","B","24B","W","0",NA,-0.23,-0.67
"24B-W.1","2","4","B","24B","W","1",NA,4,3.25
"24C-1.0","2","4","C","24C","1","0",4.97,3.12,1.05
"24C-1.1","2","4","C","24C","1","1",8.48,5.98,5.85
"24C-1.S","2","4","C","24C","1","S",4.11,12.43,7.17
"24C-2.0","2","4","C","24C","2","0",0.43,1.09,-2.13
"24C-2.1","2","4","C","24C","2","1",4.41,4.38,2.93
"24C-2.N","2","4","C","24C","2","N",NA,2.66,0.27
"24C-2.c","2","4","C","24C","2","c",4.92,2.89,0.47
"24C-2.c2","2","4","C","24C","2","c2",NA,0.13,NA
"24C-3.0","2","4","C","24C","3","0",2.22,1.21,-1.46
"24C-3.1","2","4","C","24C","3","1",5.25,4.14,1.76
"24C-3.W","2","4","C","24C","3","W",NA,3.53,0.2
"24C-3.c","2","4","C","24C","3","c",5.47,1.14,3.27
"24C-3.c2","2","4","C","24C","3","c2",NA,3.78,1.5
"24C-4.0","2","4","C","24C","4","0",-0.33,0.23,-2.23
"24C-4.1","2","4","C","24C","4","1",7.86,1.28,4.34
"24C-4.S","2","4","C","24C","4","S",1.53,2.82,-1.39
"24C-E.0","2","4","C","24C","E","0",NA,2.56,-0.62
"24C-E.1","2","4","C","24C","E","1",NA,5.98,3.45
"24C-N.0","2","4","C","24C","N","0",NA,0.02,-0.18
"24C-N.1","2","4","C","24C","N","1",NA,1.87,0.04
"24C-S.0","2","4","C","24C","S","0",NA,1.91,2.25
"24C-S.1","2","4","C","24C","S","1",NA,1.44,1.81
"24C-W.0","2","4","C","24C","W","0",NA,0.87,3.34
"24C-W.1","2","4","C","24C","W","1",NA,1.2,1.91
"33A-1.0","3","3","A","33A","1","0",NA,5,1.37
"33A-1.1","3","3","A","33A","1","1",NA,4.83,5.96
"33A-1.E","3","3","A","33A","1","E",NA,9.08,6.96
"33A-2.0","3","3","A","33A","2","0",NA,4.96,4.58
"33A-2.1","3","3","A","33A","2","1",NA,6.1,1.1
"33A-2.S","3","3","A","33A","2","S",NA,3.05,4.61
"33A-2.c","3","3","A","33A","2","c",NA,0.34,-0.1
"33A-3.0","3","3","A","33A","3","0",NA,2.72,3.53
"33A-3.1","3","3","A","33A","3","1",NA,3.11,3.88
"33A-3.W","3","3","A","33A","3","W",NA,5.01,5.14
"33A-3.c","3","3","A","33A","3","c",NA,3.32,3.11
"33A-4.0","3","3","A","33A","4","0",NA,3.41,3.99
"33A-4.1","3","3","A","33A","4","1",NA,5.93,8.42
"33A-4.N","3","3","A","33A","4","N",NA,4.78,8.3
"33B-1.0","3","3","B","33B","1","0",NA,1.29,3.12
"33B-1.1","3","3","B","33B","1","1",NA,1.93,3.46
"33B-1.W","3","3","B","33B","1","W",NA,-1.12,0.63
"33B-2.0","3","3","B","33B","2","0",NA,3.62,3.01
"33B-2.1","3","3","B","33B","2","1",NA,4.09,7.04
"33B-2.N","3","3","B","33B","2","N",NA,2.04,8.25
"33B-2.c","3","3","B","33B","2","c",NA,-0.37,6.4
"33B-3.0","3","3","B","33B","3","0",NA,2.76,5.9
"33B-3.1","3","3","B","33B","3","1",NA,2.87,2.97
"33B-3.E","3","3","B","33B","3","E",NA,1.01,1.19
"33B-3.c","3","3","B","33B","3","c",NA,0.86,3.33
"33B-4.0","3","3","B","33B","4","0",NA,1.42,0.68
"33B-4.1","3","3","B","33B","4","1",NA,4.77,4
"33B-4.S","3","3","B","33B","4","S",NA,3.98,1.8
"33C-1.0","3","3","C","33C","1","0",NA,0.89,-1.58
"33C-1.1","3","3","C","33C","1","1",NA,3.98,6.64
"33C-1.E","3","3","C","33C","1","E",NA,2.48,0.88
"33C-2.0","3","3","C","33C","2","0",NA,2.56,-1.62
"33C-2.1","3","3","C","33C","2","1",NA,8.75,6.47
"33C-2.S","3","3","C","33C","2","S",NA,2.96,-1.08
"33C-2.c","3","3","C","33C","2","c",NA,8.86,8.81
"33C-3.0","3","3","C","33C","3","0",NA,-1.01,-0.34
"33C-3.1","3","3","C","33C","3","1",NA,4.55,4.6
"33C-3.W","3","3","C","33C","3","W",NA,-2.71,3.95
"33C-3.c","3","3","C","33C","3","c",NA,6.44,0.8
"33C-4.0","3","3","C","33C","4","0",NA,-0.12,-0.75
"33C-4.1","3","3","C","33C","4","1",NA,2.08,3.64
"33C-4.N","3","3","C","33C","4","N",NA,4.07,5.82
"34A-1.0","3","4","A","34A","1","0",3.59,6.86,-6.41
"34A-1.1","3","4","A","34A","1","1",5.4,5.43,5.54
"34A-1.E","3","4","A","34A","1","E",5.37,4.47,0.71
"34A-2.0","3","4","A","34A","2","0",0.71,7.97,3.15
"34A-2.1","3","4","A","34A","2","1",4.19,2.41,3.8
"34A-2.S","3","4","A","34A","2","S",NA,3,4.53
"34A-2.c","3","4","A","34A","2","c",6.45,2.38,5.37
"34A-2.c2","3","4","A","34A","2","c2",NA,1.22,2.09
"34A-3.0","3","4","A","34A","3","0",6.82,NA,5.77
"34A-3.1","3","4","A","34A","3","1",3.56,4.09,3.24
"34A-3.W","3","4","A","34A","3","W",NA,3.61,6.12
"34A-3.c","3","4","A","34A","3","c",8.53,2.92,6.38
"34A-3.c2","3","4","A","34A","3","c2",NA,3.43,3.94
"34A-4.0","3","4","A","34A","4","0",5.28,1.42,5.9
"34A-4.1","3","4","A","34A","4","1",4.71,15.7,7.69
"34A-4.E","3","4","A","34A","4","E",1.17,6.75,3.39
"34A-E.0","3","4","A","34A","E","0",NA,NA,0.28
"34A-E.1","3","4","A","34A","E","1",NA,NA,-0.56
"34A-N.0","3","4","A","34A","N","0",NA,1.85,0.7
"34A-N.1","3","4","A","34A","N","1",NA,2.44,1.15
"34A-S.0","3","4","A","34A","S","0",NA,-0.24,4.53
"34A-S.1","3","4","A","34A","S","1",NA,3.09,2.6
"34A-W.0","3","4","A","34A","W","0",NA,4,6.33
"34A-W.1","3","4","A","34A","W","1",NA,NA,1.36
"34B-1.0","3","4","B","34B","1","0",2.31,-0.6,0.81
"34B-1.1","3","4","B","34B","1","1",8.85,7.58,4.91
"34B-1.N","3","4","B","34B","1","N",7.51,3.17,2.83
"34B-2.0","3","4","B","34B","2","0",4.68,1.2,-0.74
"34B-2.1","3","4","B","34B","2","1",5.62,11.17,-2.56
"34B-2.W","3","4","B","34B","2","W",NA,1.41,-1.04
"34B-2.c","3","4","B","34B","2","c",1.1,-0.09,-0.21
"34B-2.c2","3","4","B","34B","2","c2",NA,2.48,2.28
"34B-3.0","3","4","B","34B","3","0",5.76,1.09,3.1
"34B-3.1","3","4","B","34B","3","1",5.74,4.59,0.89
"34B-3.W","3","4","B","34B","3","W",NA,0.79,-2.21
"34B-3.c","3","4","B","34B","3","c",7.52,5.66,3.27
"34B-3.c2","3","4","B","34B","3","c2",NA,3.07,-1.28
"34B-4.0","3","4","B","34B","4","0",5.86,6.75,4.11
"34B-4.1","3","4","B","34B","4","1",7.37,7.96,0.32
"34B-4.S","3","4","B","34B","4","S",2.63,4.54,-2.05
"34B-E.0","3","4","B","34B","E","0",NA,3.29,1.64
"34B-E.1","3","4","B","34B","E","1",NA,3.5,3.25
"34B-N.0","3","4","B","34B","N","0",NA,2.67,-0.93
"34B-N.1","3","4","B","34B","N","1",NA,3.88,3.23
"34B-S.0","3","4","B","34B","S","0",NA,0.69,4.23
"34B-S.1","3","4","B","34B","S","1",NA,1.33,3.6
"34B-W.0","3","4","B","34B","W","0",NA,2.43,0.63
"34B-W.1","3","4","B","34B","W","1",NA,2.4,7.58
"34C-1.0","3","4","C","34C","1","0",0.9,-0.2,3.73
"34C-1.1","3","4","C","34C","1","1",4.18,NA,6.81
"34C-1.W","3","4","C","34C","1","W",4.98,2.3,4.2
"34C-2.0","3","4","C","34C","2","0",0.17,-2.46,1.08
"34C-2.1","3","4","C","34C","2","1",7.76,25.88,1.57
"34C-2.S","3","4","C","34C","2","S",NA,4.87,2.44
"34C-2.c","3","4","C","34C","2","c",1.03,0.59,-1.24
"34C-2.c2","3","4","C","34C","2","c2",NA,6.37,7.45
"34C-3.0","3","4","C","34C","3","0",0.22,0.83,-0.08
"34C-3.1","3","4","C","34C","3","1",8.55,3.85,4.45
"34C-3.W","3","4","C","34C","3","W",NA,3.59,7.76
"34C-3.c","3","4","C","34C","3","c",12.3,5.4,5.57
"34C-3.c2","3","4","C","34C","3","c2",NA,7.77,4.06
"34C-4.0","3","4","C","34C","4","0",0.12,-2.11,0.35
"34C-4.1","3","4","C","34C","4","1",7.52,19.23,3.93
"34C-4.N","3","4","C","34C","4","N",0.38,-1.45,0.91
"34C-E.0","3","4","C","34C","E","0",NA,0.13,5.73
"34C-E.1","3","4","C","34C","E","1",NA,2.02,5.35
"34C-N.0","3","4","C","34C","N","0",NA,0.57,-2.5
"34C-N.1","3","4","C","34C","N","1",NA,3.5,1.13
"34C-S.0","3","4","C","34C","S","0",NA,2.88,3.39
"34C-S.1","3","4","C","34C","S","1",NA,3.45,3.24
"34C-W.0","3","4","C","34C","W","0",NA,2.18,2.57
"34C-W.1","3","4","C","34C","W","1",NA,3.29,-1.56
"43A-1.0","4","3","A","43A","1","0",NA,3.48,6.57
"43A-1.1","4","3","A","43A","1","1",NA,1.07,5.32
"43A-1.N","4","3","A","43A","1","N",NA,5.07,6.38
"43A-2.0","4","3","A","43A","2","0",NA,4.09,3
"43A-2.1","4","3","A","43A","2","1",NA,4.39,4.51
"43A-2.E","4","3","A","43A","2","E",NA,-3.44,17.27
"43A-2.c","4","3","A","43A","2","c",NA,0.73,6.42
"43A-3.0","4","3","A","43A","3","0",NA,3.54,16.38
"43A-3.1","4","3","A","43A","3","1",NA,5.14,1.05
"43A-3.W","4","3","A","43A","3","W",NA,2.96,4.97
"43A-3.c","4","3","A","43A","3","c",NA,4.64,5.32
"43A-4.0","4","3","A","43A","4","0",NA,4.2,7.09
"43A-4.1","4","3","A","43A","4","1",NA,4.59,1.72
"43A-4.S","4","3","A","43A","4","S",NA,4.19,5.37
"43B-1.0","4","3","B","43B","1","0",NA,3.2,0.52
"43B-1.1","4","3","B","43B","1","1",NA,0.1,5.34
"43B-1.S","4","3","B","43B","1","S",NA,3.34,5.84
"43B-2.0","4","3","B","43B","2","0",NA,0.28,-0.6
"43B-2.1","4","3","B","43B","2","1",NA,2.58,6.67
"43B-2.W","4","3","B","43B","2","W",NA,3.3,0.85
"43B-2.c","4","3","B","43B","2","c",NA,3.41,5.8
"43B-3.0","4","3","B","43B","3","0",NA,2.48,2.17
"43B-3.1","4","3","B","43B","3","1",NA,2.01,1.98
"43B-3.N","4","3","B","43B","3","N",NA,0.7,-7.05
"43B-3.c","4","3","B","43B","3","c",NA,2.73,1.41
"43B-4.0","4","3","B","43B","4","0",NA,1.65,3.86
"43B-4.1","4","3","B","43B","4","1",NA,4.42,6.76
"43B-4.E","4","3","B","43B","4","E",NA,1.77,0.63
"43C-1.0","4","3","C","43C","1","0",NA,1.61,1.89
"43C-1.1","4","3","C","43C","1","1",NA,2.39,5.97
"43C-1.S","4","3","C","43C","1","S",NA,2.66,6.18
"43C-2.0","4","3","C","43C","2","0",NA,-0.92,1.02
"43C-2.1","4","3","C","43C","2","1",NA,3.62,5.05
"43C-2.E","4","3","C","43C","2","E",NA,2.19,1.5
"43C-2.c","4","3","C","43C","2","c",NA,6.49,6.85
"43C-3.0","4","3","C","43C","3","0",NA,-0.39,0.78
"43C-3.1","4","3","C","43C","3","1",NA,0.7,6.36
"43C-3.N","4","3","C","43C","3","N",NA,1.05,5.54
"43C-3.c","4","3","C","43C","3","c",NA,4.48,3.92
"43C-4.0","4","3","C","43C","4","0",NA,-1,-0.18
"43C-4.1","4","3","C","43C","4","1",NA,2.68,6.65
"43C-4.W","4","3","C","43C","4","W",NA,-1.73,3.54
"44A-1.0","4","4","A","44A","1","0",7.34,4.29,8.83
"44A-1.1","4","4","A","44A","1","1",7.94,5.06,7.23
"44A-1.E","4","4","A","44A","1","E",2.98,3.29,6.9
"44A-2.0","4","4","A","44A","2","0",8.01,12.92,3.6
"44A-2.1","4","4","A","44A","2","1",-1.1,-0.27,-1.52
"44A-2.E","4","4","A","44A","2","E",NA,4.79,2.45
"44A-2.c","4","4","A","44A","2","c",5.87,4.44,6.31
"44A-2.c2","4","4","A","44A","2","c2",NA,3.48,2.24
"44A-3.0","4","4","A","44A","3","0",17.6,6.47,9.99
"44A-3.1","4","4","A","44A","3","1",7.95,0.34,7.31
"44A-3.W","4","4","A","44A","3","W",NA,2.7,3.83
"44A-3.c","4","4","A","44A","3","c",1.71,0.74,2.19
"44A-3.c2","4","4","A","44A","3","c2",NA,5.37,4.96
"44A-4.0","4","4","A","44A","4","0",6.22,5.9,1.28
"44A-4.1","4","4","A","44A","4","1",7.19,0.1,5.53
"44A-4.S","4","4","A","44A","4","S",9.8,3.16,5.21
"44A-E.0","4","4","A","44A","E","0",NA,3.41,-0.51
"44A-E.1","4","4","A","44A","E","1",NA,1.45,5.04
"44A-N.0","4","4","A","44A","N","0",NA,1.57,4.6
"44A-N.1","4","4","A","44A","N","1",NA,2.63,4.11
"44A-S.0","4","4","A","44A","S","0",NA,4.3,3
"44A-S.1","4","4","A","44A","S","1",NA,3.81,7.6
"44A-W.0","4","4","A","44A","W","0",NA,0.57,3.28
"44A-W.1","4","4","A","44A","W","1",NA,2.29,5.96
"44B-1.0","4","4","B","44B","1","0",2.52,1.7,0.92
"44B-1.1","4","4","B","44B","1","1",6.13,NA,5.5
"44B-1.E","4","4","B","44B","1","E",4.03,-2.21,-0.37
"44B-2.0","4","4","B","44B","2","0",0.81,1.65,2.44
"44B-2.1","4","4","B","44B","2","1",6.65,NA,2.74
"44B-2.W","4","4","B","44B","2","W",NA,1.54,1.87
"44B-2.c","4","4","B","44B","2","c",7.88,2.36,5.08
"44B-2.c2","4","4","B","44B","2","c2",NA,-1.68,0.71
"44B-3.0","4","4","B","44B","3","0",4.07,0.37,2.87
"44B-3.1","4","4","B","44B","3","1",7.49,4.65,8.88
"44B-3.N","4","4","B","44B","3","N",NA,3.08,3.28
"44B-3.c","4","4","B","44B","3","c",1.86,5.62,0.41
"44B-3.c2","4","4","B","44B","3","c2",NA,-0.38,0.71
"44B-4.0","4","4","B","44B","4","0",-0.28,4.3,5.22
"44B-4.1","4","4","B","44B","4","1",8.03,6.72,0.36
"44B-4.S","4","4","B","44B","4","S",2.79,2.67,2.06
"44B-E.0","4","4","B","44B","E","0",NA,3.56,7.4
"44B-E.1","4","4","B","44B","E","1",NA,4.03,9.05
"44B-N.0","4","4","B","44B","N","0",NA,3.51,4.17
"44B-N.1","4","4","B","44B","N","1",NA,4.26,3.33
"44B-S.0","4","4","B","44B","S","0",NA,NA,3.97
"44B-S.1","4","4","B","44B","S","1",NA,5.74,6.18
"44B-W.0","4","4","B","44B","W","0",NA,2.8,4.96
"44B-W.1","4","4","B","44B","W","1",NA,0.84,9.42
"44C-1.0","4","4","C","44C","1","0",-0.65,0.38,-0.49
"44C-1.1","4","4","C","44C","1","1",9.58,14.41,4.77
"44C-1.S","4","4","C","44C","1","S",-0.23,0.19,4.09
"44C-2.0","4","4","C","44C","2","0",-1.29,0.84,0.6
"44C-2.1","4","4","C","44C","2","1",7.6,5.14,4.73
"44C-2.E","4","4","C","44C","2","E",NA,4.46,4.67
"44C-2.c","4","4","C","44C","2","c",9.2,4.27,4.52
"44C-2.c2","4","4","C","44C","2","c2",NA,-0.52,1.81
"44C-3.0","4","4","C","44C","3","0",0.04,0.1,1.08
"44C-3.1","4","4","C","44C","3","1",4.71,5.45,0.5
"44C-3.N","4","4","C","44C","3","N",NA,0.88,3.38
"44C-3.c","4","4","C","44C","3","c",7.75,3.32,6.04
"44C-3.c2","4","4","C","44C","3","c2",NA,-0.49,1.45
"44C-4.0","4","4","C","44C","4","0",0.54,-0.43,-0.25
"44C-4.1","4","4","C","44C","4","1",4.48,6.35,3.62
"44C-4.E","4","4","C","44C","4","E",3.33,3.94,5.36
"44C-E.0","4","4","C","44C","E","0",NA,1.59,5.23
"44C-E.1","4","4","C","44C","E","1",NA,1.77,3.63
"44C-N.0","4","4","C","44C","N","0",NA,NA,1.61
"44C-N.1","4","4","C","44C","N","1",NA,-0.11,4.43
"44C-S.0","4","4","C","44C","S","0",NA,1.99,3.63
"44C-S.1","4","4","C","44C","S","1",NA,3.28,2.97
"44C-W.0","4","4","C","44C","W","0",NA,-0.46,5.14
"44C-W.1","4","4","C","44C","W","1",NA,3.84,3.45
"53A-1.0","5","3","A","53A","1","0",NA,3.6,9.92
"53A-1.1","5","3","A","53A","1","1",NA,2.66,5.43
"53A-1.W","5","3","A","53A","1","W",NA,4.65,4.5
"53A-2.0","5","3","A","53A","2","0",NA,3.4,3.93
"53A-2.1","5","3","A","53A","2","1",NA,-2.32,-0.01
"53A-2.E","5","3","A","53A","2","E",NA,1.54,3.66
"53A-2.c","5","3","A","53A","2","c",NA,4.34,0.76
"53A-3.0","5","3","A","53A","3","0",NA,2.58,2.35
"53A-3.1","5","3","A","53A","3","1",NA,3.44,3.87
"53A-3.N","5","3","A","53A","3","N",NA,0.91,3.9
"53A-3.c","5","3","A","53A","3","c",NA,1.76,2.49
"53A-4.0","5","3","A","53A","4","0",NA,3.54,3.11
"53A-4.1","5","3","A","53A","4","1",NA,4.45,2.78
"53A-4.S","5","3","A","53A","4","S",NA,3.4,2.09
"53B-1.0","5","3","B","53B","1","0",NA,-0.06,1.16
"53B-1.1","5","3","B","53B","1","1",NA,1.05,5.31
"53B-1.S","5","3","B","53B","1","S",NA,3.96,1.97
"53B-2.0","5","3","B","53B","2","0",NA,3.32,4.32
"53B-2.1","5","3","B","53B","2","1",NA,1.5,4.03
"53B-2.E","5","3","B","53B","2","E",NA,3.49,2.6
"53B-2.c","5","3","B","53B","2","c",NA,-0.31,0.06
"53B-3.0","5","3","B","53B","3","0",NA,0.59,3.39
"53B-3.1","5","3","B","53B","3","1",NA,4.55,4.03
"53B-3.W","5","3","B","53B","3","W",NA,2.44,3.45
"53B-3.c","5","3","B","53B","3","c",NA,0.33,3.28
"53B-4.0","5","3","B","53B","4","0",NA,2.12,6.19
"53B-4.1","5","3","B","53B","4","1",NA,-0.77,5.5
"53B-4.N","5","3","B","53B","4","N",NA,3.42,5.2
"53C-1.0","5","3","C","53C","1","0",NA,0.64,-0.19
"53C-1.1","5","3","C","53C","1","1",NA,3.1,3.53
"53C-1.N","5","3","C","53C","1","N",NA,3.42,5.14
"53C-2.0","5","3","C","53C","2","0",NA,0.15,-0.05
"53C-2.1","5","3","C","53C","2","1",NA,1.19,5.47
"53C-2.W","5","3","C","53C","2","W",NA,-2.12,2.74
"53C-2.c","5","3","C","53C","2","c",NA,-0.61,2.44
"53C-3.0","5","3","C","53C","3","0",NA,1.36,-1.33
"53C-3.1","5","3","C","53C","3","1",NA,2.46,6.71
"53C-3.E","5","3","C","53C","3","E",NA,-0.48,-1.14
"53C-3.c","5","3","C","53C","3","c",NA,3.56,5.82
"53C-4.0","5","3","C","53C","4","0",NA,-1.69,-1.35
"53C-4.1","5","3","C","53C","4","1",NA,3.41,4.41
"53C-4.S","5","3","C","53C","4","S",NA,-1.03,2.46
"54A-1.0","5","4","A","54A","1","0",5.34,3.67,6.85
"54A-1.1","5","4","A","54A","1","1",6.69,5.07,4.69
"54A-1.W","5","4","A","54A","1","W",4.27,NA,-0.07
"54A-2.0","5","4","A","54A","2","0",6.33,3.7,4.17
"54A-2.1","5","4","A","54A","2","1",1.5,6.78,4.14
"54A-2.W","5","4","A","54A","2","W",NA,2.58,5.15
"54A-2.c","5","4","A","54A","2","c",7.53,-0.82,4.26
"54A-2.c2","5","4","A","54A","2","c2",NA,5.43,3.21
"54A-3.0","5","4","A","54A","3","0",2.76,0.88,3.6
"54A-3.1","5","4","A","54A","3","1",1.97,-0.84,4.39
"54A-3.E","5","4","A","54A","3","E",NA,1.22,3.53
"54A-3.c","5","4","A","54A","3","c",5.4,1.58,5.06
"54A-3.c2","5","4","A","54A","3","c2",NA,0,4.49
"54A-4.0","5","4","A","54A","4","0",5.08,-2.39,9.04
"54A-4.1","5","4","A","54A","4","1",6.48,3.84,4.73
"54A-4.E","5","4","A","54A","4","E",3.91,2.77,2.63
"54A-E.0","5","4","A","54A","E","0",NA,0.6,3.64
"54A-E.1","5","4","A","54A","E","1",NA,-1.73,5.96
"54A-N.0","5","4","A","54A","N","0",NA,4.11,0.26
"54A-N.1","5","4","A","54A","N","1",NA,6,2.18
"54A-S.0","5","4","A","54A","S","0",NA,-1.09,7.37
"54A-S.1","5","4","A","54A","S","1",NA,1.31,3.49
"54A-W.0","5","4","A","54A","W","0",NA,5.91,-3.26
"54A-W.1","5","4","A","54A","W","1",NA,3.61,2.57
"54B-1.0","5","4","B","54B","1","0",1.19,-0.8,1.26
"54B-1.1","5","4","B","54B","1","1",6.21,3.76,3.93
"54B-1.S","5","4","B","54B","1","S",4.52,4.31,0.99
"54B-2.0","5","4","B","54B","2","0",3.76,4.19,-1.78
"54B-2.1","5","4","B","54B","2","1",6.6,13.99,1.34
"54B-2.W","5","4","B","54B","2","W",NA,2.6,1.27
"54B-2.c","5","4","B","54B","2","c",9.71,1.87,4.42
"54B-2.c2","5","4","B","54B","2","c2",NA,0.75,-0.87
"54B-3.0","5","4","B","54B","3","0",4.14,-1.54,-2.3
"54B-3.1","5","4","B","54B","3","1",6.53,8.81,5.28
"54B-3.E","5","4","B","54B","3","E",NA,NA,1.14
"54B-3.c","5","4","B","54B","3","c",7.24,-0.63,4.18
"54B-3.c2","5","4","B","54B","3","c2",NA,0.18,-0.29
"54B-4.0","5","4","B","54B","4","0",9.14,4.28,1.75
"54B-4.1","5","4","B","54B","4","1",5.12,-0.69,2.63
"54B-4.E","5","4","B","54B","4","E",4.64,1.38,1.28
"54B-E.0","5","4","B","54B","E","0",NA,2.5,4.72
"54B-E.1","5","4","B","54B","E","1",NA,4.34,2.08
"54B-N.0","5","4","B","54B","N","0",NA,0.07,1.6
"54B-N.1","5","4","B","54B","N","1",NA,3.08,3.6
"54B-S.0","5","4","B","54B","S","0",NA,1.02,4.25
"54B-S.1","5","4","B","54B","S","1",NA,2.3,3.95
"54B-W.0","5","4","B","54B","W","0",NA,1.25,3.56
"54B-W.1","5","4","B","54B","W","1",NA,2.17,7.86
"54C-1.0","5","4","C","54C","1","0",6.49,8.11,2.55
"54C-1.1","5","4","C","54C","1","1",5.91,6.65,2.24
"54C-1.W","5","4","C","54C","1","W",4.22,-2.7,3.25
"54C-2.0","5","4","C","54C","2","0",1.14,-0.94,-0.34
"54C-2.1","5","4","C","54C","2","1",5.04,4.86,6.5
"54C-2.W","5","4","C","54C","2","W",NA,0.85,2.69
"54C-2.c","5","4","C","54C","2","c",1.26,-2.11,1.34
"54C-2.c2","5","4","C","54C","2","c2",NA,4.33,2.79
"54C-3.0","5","4","C","54C","3","0",1.19,-1.81,1.61
"54C-3.1","5","4","C","54C","3","1",0.88,NA,5.39
"54C-3.N","5","4","C","54C","3","N",NA,-0.6,3.66
"54C-3.c","5","4","C","54C","3","c",0.76,-1.23,3.07
"54C-3.c2","5","4","C","54C","3","c2",NA,3.92,6.42
"54C-4.0","5","4","C","54C","4","0",-0.39,0.86,-0.07
"54C-4.1","5","4","C","54C","4","1",7.93,6.97,4.72
"54C-4.S","5","4","C","54C","4","S",1.38,3.44,3.46
"54C-E.0","5","4","C","54C","E","0",NA,2.03,0.42
"54C-E.1","5","4","C","54C","E","1",NA,2.34,2.92
"54C-N.0","5","4","C","54C","N","0",NA,2.32,4.09
"54C-N.1","5","4","C","54C","N","1",NA,1.21,5.37
"54C-S.0","5","4","C","54C","S","0",NA,2.84,3.01
"54C-S.1","5","4","C","54C","S","1",NA,4.83,7.33
"54C-W.0","5","4","C","54C","W","0",NA,2.62,3.06
"54C-W.1","5","4","C","54C","W","1",NA,2.75,3.08
"63A-1.0","6","3","A","63A","1","0",NA,4.92,0.48
"63A-1.1","6","3","A","63A","1","1",NA,8.87,8.2
"63A-1.E","6","3","A","63A","1","E",NA,7.2,5.3
"63A-2.0","6","3","A","63A","2","0",NA,3.54,2.89
"63A-2.1","6","3","A","63A","2","1",NA,3.18,2.47
"63A-2.S","6","3","A","63A","2","S",NA,6.37,4.23
"63A-2.c","6","3","A","63A","2","c",NA,3.73,1.15
"63A-3.0","6","3","A","63A","3","0",NA,6.14,4.16
"63A-3.1","6","3","A","63A","3","1",NA,6.03,7.36
"63A-3.N","6","3","A","63A","3","N",NA,5.36,1.53
"63A-3.c","6","3","A","63A","3","c",NA,8.37,2.09
"63A-4.0","6","3","A","63A","4","0",NA,2.9,NA
"63A-4.1","6","3","A","63A","4","1",NA,4.69,5.52
"63A-4.W","6","3","A","63A","4","W",NA,4.99,1.42
"63B-1.0","6","3","B","63B","1","0",NA,5.71,1.96
"63B-1.1","6","3","B","63B","1","1",NA,5.71,1.91
"63B-1.W","6","3","B","63B","1","W",NA,1.42,0.39
"63B-2.0","6","3","B","63B","2","0",NA,0.41,-1.2
"63B-2.1","6","3","B","63B","2","1",NA,3.99,4.46
"63B-2.N","6","3","B","63B","2","N",NA,-0.36,4.07
"63B-2.c","6","3","B","63B","2","c",NA,4.13,-0.25
"63B-3.0","6","3","B","63B","3","0",NA,3.88,5.8
"63B-3.1","6","3","B","63B","3","1",NA,3.75,3.9
"63B-3.W","6","3","B","63B","3","W",NA,0.44,2.46
"63B-3.c","6","3","B","63B","3","c",NA,2.75,2.77
"63B-4.0","6","3","B","63B","4","0",NA,4.72,2.97
"63B-4.1","6","3","B","63B","4","1",NA,4.93,6.36
"63B-4.E","6","3","B","63B","4","E",NA,6.39,7.32
"63C-1.0","6","3","C","63C","1","0",NA,4.13,5.9
"63C-1.1","6","3","C","63C","1","1",NA,7.73,7.04
"63C-1.E","6","3","C","63C","1","E",NA,3.22,5.96
"63C-2.0","6","3","C","63C","2","0",NA,0.83,NA
"63C-2.1","6","3","C","63C","2","1",NA,6.11,2.84
"63C-2.N","6","3","C","63C","2","N",NA,3.85,-0.74
"63C-2.c","6","3","C","63C","2","c",NA,2.34,-0.34
"63C-3.0","6","3","C","63C","3","0",NA,0.18,0.81
"63C-3.1","6","3","C","63C","3","1",NA,3.95,8.89
"63C-3.S","6","3","C","63C","3","S",NA,2.26,2.25
"63C-3.c","6","3","C","63C","3","c",NA,0.05,3.74
"63C-4.0","6","3","C","63C","4","0",NA,-0.31,-1.67
"63C-4.1","6","3","C","63C","4","1",NA,7.95,7.35
"63C-4.W","6","3","C","63C","4","W",NA,0.6,0.01
"64A-1.0","6","4","A","64A","1","0",7.94,5.69,6.53
"64A-1.1","6","4","A","64A","1","1",8.93,7.83,6.46
"64A-1.S","6","4","A","64A","1","S",12.72,2.93,5.94
"64A-2.0","6","4","A","64A","2","0",9.92,9.27,5.02
"64A-2.1","6","4","A","64A","2","1",5.71,5.87,4.49
"64A-2.S","6","4","A","64A","2","S",NA,4.69,3.63
"64A-2.c","6","4","A","64A","2","c",5.84,3.99,2.93
"64A-2.c2","6","4","A","64A","2","c2",NA,3.59,4.8
"64A-3.0","6","4","A","64A","3","0",2.51,6.45,NA
"64A-3.1","6","4","A","64A","3","1",2.44,6.31,2.41
"64A-3.N","6","4","A","64A","3","N",NA,4.52,2.57
"64A-3.c","6","4","A","64A","3","c",9.39,4.43,3.73
"64A-3.c2","6","4","A","64A","3","c2",NA,3.37,2.79
"64A-4.0","6","4","A","64A","4","0",7.25,27.71,10.13
"64A-4.1","6","4","A","64A","4","1",9.45,NA,-0.74
"64A-4.W","6","4","A","64A","4","W",4.3,7.11,3.67
"64A-E.0","6","4","A","64A","E","0",NA,4.07,1.99
"64A-E.1","6","4","A","64A","E","1",NA,2.71,4.9
"64A-N.0","6","4","A","64A","N","0",NA,5.01,1.18
"64A-N.1","6","4","A","64A","N","1",NA,4.08,3.25
"64A-S.0","6","4","A","64A","S","0",NA,4.65,7.64
"64A-S.1","6","4","A","64A","S","1",NA,2.92,6.61
"64A-W.0","6","4","A","64A","W","0",NA,0.91,1.18
"64A-W.1","6","4","A","64A","W","1",NA,4.93,3.61
"64B-1.0","6","4","B","64B","1","0",2.16,NA,-0.15
"64B-1.1","6","4","B","64B","1","1",6.69,15.53,12.03
"64B-1.S","6","4","B","64B","1","S",8.4,6.39,4.94
"64B-2.0","6","4","B","64B","2","0",-0.13,2.07,-0.47
"64B-2.1","6","4","B","64B","2","1",5.3,9.02,1.44
"64B-2.E","6","4","B","64B","2","E",NA,4.97,3.71
"64B-2.c","6","4","B","64B","2","c",0.92,-0.37,1.95
"64B-2.c2","6","4","B","64B","2","c2",NA,4.61,2.93
"64B-3.0","6","4","B","64B","3","0",3.55,5.72,-0.28
"64B-3.1","6","4","B","64B","3","1",6.15,1.7,3.19
"64B-3.W","6","4","B","64B","3","W",NA,1.38,-1.38
"64B-3.c","6","4","B","64B","3","c",3.71,1.48,1
"64B-3.c2","6","4","B","64B","3","c2",NA,4.92,3.27
"64B-4.0","6","4","B","64B","4","0",3.45,5.71,3.39
"64B-4.1","6","4","B","64B","4","1",4.22,0.35,3.67
"64B-4.N","6","4","B","64B","4","N",-1.11,-0.04,-0.17
"64B-E.0","6","4","B","64B","E","0",NA,3.87,3.15
"64B-E.1","6","4","B","64B","E","1",NA,5.93,2.81
"64B-N.0","6","4","B","64B","N","0",NA,0.27,1.02
"64B-N.1","6","4","B","64B","N","1",NA,6.38,2.33
"64B-S.0","6","4","B","64B","S","0",NA,2.21,3.19
"64B-S.1","6","4","B","64B","S","1",NA,3.85,4.57
"64B-W.0","6","4","B","64B","W","0",NA,-3.33,5.92
"64B-W.1","6","4","B","64B","W","1",NA,4.54,2.89
"64C-1.0","6","4","C","64C","1","0",-1.95,1,0.25
"64C-1.1","6","4","C","64C","1","1",9.75,4.16,6.11
"64C-1.S","6","4","C","64C","1","S",7,6.63,4.6
"64C-2.0","6","4","C","64C","2","0",1.03,-0.8,-0.35
"64C-2.1","6","4","C","64C","2","1",9.3,10.28,1.53
"64C-2.N","6","4","C","64C","2","N",NA,3.76,3.46
"64C-2.c","6","4","C","64C","2","c",7.57,4.1,2.29
"64C-2.c2","6","4","C","64C","2","c2",NA,-0.36,0.76
"64C-3.0","6","4","C","64C","3","0",-1.7,NA,-0.44
"64C-3.1","6","4","C","64C","3","1",8.9,9.23,3.36
"64C-3.W","6","4","C","64C","3","W",NA,2.57,6.38
"64C-3.c","6","4","C","64C","3","c",1.14,-1.07,0.98
"64C-3.c2","6","4","C","64C","3","c2",NA,0.82,4.17
"64C-4.0","6","4","C","64C","4","0",-0.5,-0.7,0.43
"64C-4.1","6","4","C","64C","4","1",4.71,5.22,2.37
"64C-4.S","6","4","C","64C","4","S",4.77,1.52,0.77
"64C-E.0","6","4","C","64C","E","0",NA,-0.94,0.6
"64C-E.1","6","4","C","64C","E","1",NA,5.21,4.31
"64C-N.0","6","4","C","64C","N","0",NA,7.67,5.58
"64C-N.1","6","4","C","64C","N","1",NA,2.79,2.29
"64C-S.0","6","4","C","64C","S","0",NA,4.47,-0.2
"64C-S.1","6","4","C","64C","S","1",NA,4.42,2.86
"64C-W.0","6","4","C","64C","W","0",NA,1.9,2.18
"64C-W.1","6","4","C","64C","W","1",NA,4.74,4.43
"73A-1.0","7","3","A","73A","1","0",NA,3.87,7.8
"73A-1.1","7","3","A","73A","1","1",NA,3.52,6.18
"73A-1.E","7","3","A","73A","1","E",NA,5.93,2.33
"73A-2.0","7","3","A","73A","2","0",NA,4.51,4.29
"73A-2.1","7","3","A","73A","2","1",NA,3.57,5.01
"73A-2.S","7","3","A","73A","2","S",NA,3.15,-0.63
"73A-2.c","7","3","A","73A","2","c",NA,3.53,-0.82
"73A-3.0","7","3","A","73A","3","0",NA,2.36,4.7
"73A-3.1","7","3","A","73A","3","1",NA,8.16,4.57
"73A-3.W","7","3","A","73A","3","W",NA,-0.73,2.52
"73A-3.c","7","3","A","73A","3","c",NA,1.72,3.99
"73A-4.0","7","3","A","73A","4","0",NA,-0.24,6.07
"73A-4.1","7","3","A","73A","4","1",NA,4.76,6.52
"73A-4.N","7","3","A","73A","4","N",NA,4.91,4.72
"73B-1.0","7","3","B","73B","1","0",NA,0.59,0.78
"73B-1.1","7","3","B","73B","1","1",NA,2.23,3.14
"73B-1.E","7","3","B","73B","1","E",NA,0.23,2.66
"73B-2.0","7","3","B","73B","2","0",NA,-0.15,2.13
"73B-2.1","7","3","B","73B","2","1",NA,3.1,3.55
"73B-2.E","7","3","B","73B","2","E",NA,0.56,0.08
"73B-2.c","7","3","B","73B","2","c",NA,3.4,0.19
"73B-3.0","7","3","B","73B","3","0",NA,0.83,2.44
"73B-3.1","7","3","B","73B","3","1",NA,4.83,1.73
"73B-3.S","7","3","B","73B","3","S",NA,1.69,1.17
"73B-3.c","7","3","B","73B","3","c",NA,0.56,4.29
"73B-4.0","7","3","B","73B","4","0",NA,-5.47,0.49
"73B-4.1","7","3","B","73B","4","1",NA,4.74,5.47
"73B-4.W","7","3","B","73B","4","W",NA,-0.12,3.83
"73C-1.0","7","3","C","73C","1","0",NA,-0.44,1.11
"73C-1.1","7","3","C","73C","1","1",NA,6.95,3.72
"73C-1.S","7","3","C","73C","1","S",NA,4.81,6.02
"73C-2.0","7","3","C","73C","2","0",NA,-0.36,0.94
"73C-2.1","7","3","C","73C","2","1",NA,4.04,5.35
"73C-2.S","7","3","C","73C","2","S",NA,4.45,0.77
"73C-2.c","7","3","C","73C","2","c",NA,6.02,7.11
"73C-3.0","7","3","C","73C","3","0",NA,-0.49,0.77
"73C-3.1","7","3","C","73C","3","1",NA,0.73,2.1
"73C-3.E","7","3","C","73C","3","E",NA,-1.28,1.45
"73C-3.c","7","3","C","73C","3","c",NA,1.39,2.57
"73C-4.0","7","3","C","73C","4","0",NA,-0.99,-0.37
"73C-4.1","7","3","C","73C","4","1",NA,1.04,4.5
"73C-4.N","7","3","C","73C","4","N",NA,4.16,1.74
"74A-1.0","7","4","A","74A","1","0",7.57,NA,8.51
"74A-1.1","7","4","A","74A","1","1",7.48,5.95,5.12
"74A-1.S","7","4","A","74A","1","S",9.61,5.52,4.68
"74A-2.0","7","4","A","74A","2","0",4.88,2.13,7.05
"74A-2.1","7","4","A","74A","2","1",8.79,7.6,11.08
"74A-2.N","7","4","A","74A","2","N",NA,4.42,5.94
"74A-2.c","7","4","A","74A","2","c",3.59,5.14,5.91
"74A-2.c2","7","4","A","74A","2","c2",NA,1.94,6.33
"74A-3.0","7","4","A","74A","3","0",2.25,4.29,2.46
"74A-3.1","7","4","A","74A","3","1",7.51,NA,4.06
"74A-3.S","7","4","A","74A","3","S",NA,5.69,7.85
"74A-3.c","7","4","A","74A","3","c",5.53,1.47,4.79
"74A-3.c2","7","4","A","74A","3","c2",NA,2.23,2.88
"74A-4.0","7","4","A","74A","4","0",5.59,5.75,9.1
"74A-4.1","7","4","A","74A","4","1",8.39,1,2.36
"74A-4.N","7","4","A","74A","4","N",7.05,7.38,4.76
"74A-E.0","7","4","A","74A","E","0",NA,2.81,4.91
"74A-E.1","7","4","A","74A","E","1",NA,2.78,2.21
"74A-N.0","7","4","A","74A","N","0",NA,-0.02,6.52
"74A-N.1","7","4","A","74A","N","1",NA,2.78,5.36
"74A-S.0","7","4","A","74A","S","0",NA,3.65,2.67
"74A-S.1","7","4","A","74A","S","1",NA,1.31,6.16
"74A-W.0","7","4","A","74A","W","0",NA,NA,0.91
"74A-W.1","7","4","A","74A","W","1",NA,2.65,4.82
"74B-1.0","7","4","B","74B","1","0",1.35,3.11,2.29
"74B-1.1","7","4","B","74B","1","1",3.88,1.76,0.31
"74B-1.W","7","4","B","74B","1","W",4.81,1.59,5.43
"74B-2.0","7","4","B","74B","2","0",1.96,2.69,-1.35
"74B-2.1","7","4","B","74B","2","1",2.7,2.72,2.87
"74B-2.W","7","4","B","74B","2","W",NA,2.82,3.21
"74B-2.c","7","4","B","74B","2","c",3.03,1.56,2.3
"74B-2.c2","7","4","B","74B","2","c2",NA,-0.94,5.5
"74B-3.0","7","4","B","74B","3","0",-2.99,-0.87,0.58
"74B-3.1","7","4","B","74B","3","1",5.93,2.81,7.22
"74B-3.S","7","4","B","74B","3","S",NA,-5.69,NA
"74B-3.c","7","4","B","74B","3","c",3.1,1.75,2.78
"74B-3.c2","7","4","B","74B","3","c2",NA,2.23,3.56
"74B-4.0","7","4","B","74B","4","0",5.5,5.29,3.28
"74B-4.1","7","4","B","74B","4","1",9.06,NA,3.44
"74B-4.N","7","4","B","74B","4","N",11.23,-5.47,0.98
"74B-E.0","7","4","B","74B","E","0",NA,-0.54,1.61
"74B-E.1","7","4","B","74B","E","1",NA,2.07,3.09
"74B-N.0","7","4","B","74B","N","0",NA,0.68,3.32
"74B-N.1","7","4","B","74B","N","1",NA,0.18,5.69
"74B-S.0","7","4","B","74B","S","0",NA,NA,1.38
"74B-S.1","7","4","B","74B","S","1",NA,0.57,1.69
"74B-W.0","7","4","B","74B","W","0",NA,2.13,2.95
"74B-W.1","7","4","B","74B","W","1",NA,1.77,1.53
"74C-1.0","7","4","C","74C","1","0",1.68,-1.53,0.82
"74C-1.1","7","4","C","74C","1","1",6.38,2.34,4.55
"74C-1.S","7","4","C","74C","1","S",2.1,5.29,1.33
"74C-2.0","7","4","C","74C","2","0",1.52,-1,0.08
"74C-2.1","7","4","C","74C","2","1",5.28,4.44,2.79
"74C-2.N","7","4","C","74C","2","N",NA,4.03,3.95
"74C-2.c","7","4","C","74C","2","c",7.79,2.68,5.49
"74C-2.c2","7","4","C","74C","2","c2",NA,2.49,2.84
"74C-3.0","7","4","C","74C","3","0",-1.41,-0.65,-1
"74C-3.1","7","4","C","74C","3","1",6.91,4.68,4.81
"74C-3.E","7","4","C","74C","3","E",NA,2.27,3.24
"74C-3.c","7","4","C","74C","3","c",0.27,-0.1,-0.03
"74C-3.c2","7","4","C","74C","3","c2",NA,4.69,4.69
"74C-4.0","7","4","C","74C","4","0",4.29,-5.79,1.31
"74C-4.1","7","4","C","74C","4","1",7.57,3.84,NA
"74C-4.E","7","4","C","74C","4","E",1.62,3.42,1.74
"74C-E.0","7","4","C","74C","E","0",NA,1.89,7.14
"74C-E.1","7","4","C","74C","E","1",NA,0.76,6.57
"74C-N.0","7","4","C","74C","N","0",NA,1.32,3.94
"74C-N.1","7","4","C","74C","N","1",NA,NA,-0.15
"74C-S.0","7","4","C","74C","S","0",NA,3.1,2.02
"74C-S.1","7","4","C","74C","S","1",NA,3.43,3.57
"74C-W.0","7","4","C","74C","W","0",NA,4.13,-2.34
"74C-W.1","7","4","C","74C","W","1",NA,4.23,4.02
"83A-1.0","8","3","A","83A","1","0",NA,5.84,4.59
"83A-1.1","8","3","A","83A","1","1",NA,7.46,6.13
"83A-1.S","8","3","A","83A","1","S",NA,5.15,6.65
"83A-2.0","8","3","A","83A","2","0",NA,3.65,-0.82
"83A-2.1","8","3","A","83A","2","1",NA,3.37,3.02
"83A-2.W","8","3","A","83A","2","W",NA,3.6,4.01
"83A-2.c","8","3","A","83A","2","c",NA,3.91,3.94
"83A-3.0","8","3","A","83A","3","0",NA,-1.3,0.44
"83A-3.1","8","3","A","83A","3","1",NA,-2.42,-2.38
"83A-3.N","8","3","A","83A","3","N",NA,3.58,3.39
"83A-3.c","8","3","A","83A","3","c",NA,4.08,3.31
"83A-4.0","8","3","A","83A","4","0",NA,0.91,2.3
"83A-4.1","8","3","A","83A","4","1",NA,4.25,1.94
"83A-4.E","8","3","A","83A","4","E",NA,4.26,2.58
"83B-1.0","8","3","B","83B","1","0",NA,5.7,6.4
"83B-1.1","8","3","B","83B","1","1",NA,4.06,6.4
"83B-1.E","8","3","B","83B","1","E",NA,4.23,5.33
"83B-2.0","8","3","B","83B","2","0",NA,0.7,3.82
"83B-2.1","8","3","B","83B","2","1",NA,6.48,4.37
"83B-2.S","8","3","B","83B","2","S",NA,3.17,0.78
"83B-2.c","8","3","B","83B","2","c",NA,3.13,3.49
"83B-3.0","8","3","B","83B","3","0",NA,0.4,0.27
"83B-3.1","8","3","B","83B","3","1",NA,2.96,5.41
"83B-3.S","8","3","B","83B","3","S",NA,0.2,4.06
"83B-3.c","8","3","B","83B","3","c",NA,3.99,5.24
"83B-4.0","8","3","B","83B","4","0",NA,2.3,3.46
"83B-4.1","8","3","B","83B","4","1",NA,6.16,8.39
"83B-4.N","8","3","B","83B","4","N",NA,4.85,0.68
"83C-1.0","8","3","C","83C","1","0",NA,6.49,2.72
"83C-1.1","8","3","C","83C","1","1",NA,3.96,3.8
"83C-1.S","8","3","C","83C","1","S",NA,1.81,0.8
"83C-2.0","8","3","C","83C","2","0",NA,-1.85,-0.69
"83C-2.1","8","3","C","83C","2","1",NA,5.58,3.38
"83C-2.S","8","3","C","83C","2","S",NA,2.14,1.39
"83C-2.c","8","3","C","83C","2","c",NA,3.5,5.22
"83C-3.0","8","3","C","83C","3","0",NA,1.63,-0.89
"83C-3.1","8","3","C","83C","3","1",NA,5.98,1.97
"83C-3.E","8","3","C","83C","3","E",NA,4.48,0.5
"83C-3.c","8","3","C","83C","3","c",NA,3.2,4.76
"83C-4.0","8","3","C","83C","4","0",NA,2.64,-0.61
"83C-4.1","8","3","C","83C","4","1",NA,2.69,0.14
"83C-4.N","8","3","C","83C","4","N",NA,1.71,3.65
"84A-1.0","8","4","A","84A","1","0",1.78,3.38,3.43
"84A-1.1","8","4","A","84A","1","1",3.82,4.55,7.38
"84A-1.S","8","4","A","84A","1","S",8.03,6.09,7.31
"84A-2.0","8","4","A","84A","2","0",5.2,2.94,2.09
"84A-2.1","8","4","A","84A","2","1",1.32,3.75,-0.48
"84A-2.E","8","4","A","84A","2","E",NA,0.96,7.37
"84A-2.c","8","4","A","84A","2","c",0.72,3.34,1.28
"84A-2.c2","8","4","A","84A","2","c2",NA,1.7,1.81
"84A-3.0","8","4","A","84A","3","0",3.22,4.73,3.41
"84A-3.1","8","4","A","84A","3","1",NA,4.17,1.95
"84A-3.N","8","4","A","84A","3","N",NA,1.97,4.25
"84A-3.c","8","4","A","84A","3","c",2.98,4.94,2.65
"84A-3.c2","8","4","A","84A","3","c2",NA,1.36,2.7
"84A-4.0","8","4","A","84A","4","0",6,3.17,3.39
"84A-4.1","8","4","A","84A","4","1",2.14,3.07,2.67
"84A-4.E","8","4","A","84A","4","E",3.35,3.13,5.03
"84A-E.0","8","4","A","84A","E","0",NA,3.46,1.94
"84A-E.1","8","4","A","84A","E","1",NA,1.39,2.69
"84A-N.0","8","4","A","84A","N","0",NA,3.46,5.08
"84A-N.1","8","4","A","84A","N","1",NA,3.68,3.5
"84A-S.0","8","4","A","84A","S","0",NA,7.36,-4.22
"84A-S.1","8","4","A","84A","S","1",NA,3.25,3.76
"84A-W.0","8","4","A","84A","W","0",NA,3.76,1.41
"84A-W.1","8","4","A","84A","W","1",NA,2.76,-0.26
"84B-1.0","8","4","B","84B","1","0",0.78,3.1,1.14
"84B-1.1","8","4","B","84B","1","1",6.36,12.57,-0.04
"84B-1.E","8","4","B","84B","1","E",2.93,3.21,0.92
"84B-2.0","8","4","B","84B","2","0",2.72,0,-1.95
"84B-2.1","8","4","B","84B","2","1",3.99,3.43,0.23
"84B-2.N","8","4","B","84B","2","N",NA,1.5,1.31
"84B-2.c","8","4","B","84B","2","c",2.07,1.99,2.52
"84B-2.c2","8","4","B","84B","2","c2",NA,4.11,1.07
"84B-3.0","8","4","B","84B","3","0",1.76,NA,-0.52
"84B-3.1","8","4","B","84B","3","1",6.54,9.95,7.04
"84B-3.W","8","4","B","84B","3","W",NA,-0.63,-0.09
"84B-3.c","8","4","B","84B","3","c",1.31,3.83,3.79
"84B-3.c2","8","4","B","84B","3","c2",NA,0.01,0.2
"84B-4.0","8","4","B","84B","4","0",6.8,3.53,3.48
"84B-4.1","8","4","B","84B","4","1",4.77,8.21,5.52
"84B-4.N","8","4","B","84B","4","N",6.23,5.68,4.44
"84B-E.0","8","4","B","84B","E","0",NA,0.86,0.62
"84B-E.1","8","4","B","84B","E","1",NA,4.09,6
"84B-N.0","8","4","B","84B","N","0",NA,7.01,-4.19
"84B-N.1","8","4","B","84B","N","1",NA,4.18,2.16
"84B-S.0","8","4","B","84B","S","0",NA,0.21,1.03
"84B-S.1","8","4","B","84B","S","1",NA,4.01,4.79
"84B-W.0","8","4","B","84B","W","0",NA,2.9,0.24
"84B-W.1","8","4","B","84B","W","1",NA,2.81,2.93
"84C-1.0","8","4","C","84C","1","0",0.41,-0.87,0.24
"84C-1.1","8","4","C","84C","1","1",5.52,2.2,1.87
"84C-1.W","8","4","C","84C","1","W",0.17,-0.52,0.71
"84C-2.0","8","4","C","84C","2","0",0.19,-2.18,-1.59
"84C-2.1","8","4","C","84C","2","1",1,4.7,2.28
"84C-2.W","8","4","C","84C","2","W",NA,0.54,-0.4
"84C-2.c","8","4","C","84C","2","c",2.76,1.43,0.98
"84C-2.c2","8","4","C","84C","2","c2",NA,2.27,0.3
"84C-3.0","8","4","C","84C","3","0",0.24,-0.86,0.65
"84C-3.1","8","4","C","84C","3","1",4.59,2.51,-0.15
"84C-3.N","8","4","C","84C","3","N",NA,0.84,2.54
"84C-3.c","8","4","C","84C","3","c",6.23,5.29,2.18
"84C-3.c2","8","4","C","84C","3","c2",NA,1.31,0.94
"84C-4.0","8","4","C","84C","4","0",2.84,-0.33,-0.67
"84C-4.1","8","4","C","84C","4","1",2.86,2.76,0.35
"84C-4.S","8","4","C","84C","4","S",5.04,3.78,2.35
"84C-E.0","8","4","C","84C","E","0",NA,2.38,4.37
"84C-E.1","8","4","C","84C","E","1",NA,3.24,2.34
"84C-N.0","8","4","C","84C","N","0",NA,2.37,1.42
"84C-N.1","8","4","C","84C","N","1",NA,2.55,0.03
"84C-S.0","8","4","C","84C","S","0",NA,1.6,2.49
"84C-S.1","8","4","C","84C","S","1",NA,4.19,2.25
"84C-W.0","8","4","C","84C","W","0",NA,1.85,-0.02
"84C-W.1","8","4","C","84C","W","1",NA,3.03,0.97
